/*
 Navicat Premium Data Transfer

 Source Server         : MySQL
 Source Server Type    : MySQL
 Source Server Version : 80011
 Source Host           : localhost:3306
 Source Schema         : muabannhadat

 Target Server Type    : MySQL
 Target Server Version : 80011
 File Encoding         : 65001

 Date: 22/12/2018 19:35:01
*/

SET NAMES utf8mb4;
SET FOREIGN_KEY_CHECKS = 0;

-- ----------------------------
-- Table structure for category
-- ----------------------------
DROP TABLE IF EXISTS `category`;
CREATE TABLE `category`  (
  `category_id` int(11) NOT NULL AUTO_INCREMENT,
  `category_name` text CHARACTER SET utf8 COLLATE utf8_unicode_ci NULL,
  PRIMARY KEY (`category_id`) USING BTREE
) ENGINE = InnoDB AUTO_INCREMENT = 11 CHARACTER SET = utf8 COLLATE = utf8_unicode_ci ROW_FORMAT = Dynamic;

-- ----------------------------
-- Records of category
-- ----------------------------
INSERT INTO `category` VALUES (1, 'Bán Căn Hộ Chung Cư');
INSERT INTO `category` VALUES (2, 'Bán nhà biệt thự,liền kề');
INSERT INTO `category` VALUES (3, 'Bán nhà mặt phố');
INSERT INTO `category` VALUES (4, 'Bán đất nền,dự án');
INSERT INTO `category` VALUES (5, 'Bán đất');
INSERT INTO `category` VALUES (6, 'Bán trang trại, khu nghỉ dưỡng');
INSERT INTO `category` VALUES (7, 'Bán kho, nhà xưởng');
INSERT INTO `category` VALUES (8, 'Bán loại đất bất động sản');

-- ----------------------------
-- Table structure for category_chothue
-- ----------------------------
DROP TABLE IF EXISTS `category_chothue`;
CREATE TABLE `category_chothue`  (
  `category_chothue_id` int(11) NOT NULL AUTO_INCREMENT,
  `category_chothue_name` varchar(255) CHARACTER SET utf8mb4 COLLATE utf8mb4_0900_ai_ci NOT NULL,
  PRIMARY KEY (`category_chothue_id`) USING BTREE
) ENGINE = InnoDB AUTO_INCREMENT = 10 CHARACTER SET = utf8mb4 COLLATE = utf8mb4_0900_ai_ci ROW_FORMAT = Dynamic;

-- ----------------------------
-- Records of category_chothue
-- ----------------------------
INSERT INTO `category_chothue` VALUES (1, 'Cho thuê căn hộ chung cư');
INSERT INTO `category_chothue` VALUES (2, 'Cho thuê nhà riêng');
INSERT INTO `category_chothue` VALUES (3, 'Cho thuê nhà mặt phố');
INSERT INTO `category_chothue` VALUES (4, 'Cho thuê nhà trọ,phòng trọ');
INSERT INTO `category_chothue` VALUES (5, 'Cho thuê văn phòng');
INSERT INTO `category_chothue` VALUES (6, 'Cho thuê cửa hàng,ki ốt');
INSERT INTO `category_chothue` VALUES (7, 'Cho Thuê mặt bằng');
INSERT INTO `category_chothue` VALUES (8, 'Cho thuê cửa hàng,ki ốt');
INSERT INTO `category_chothue` VALUES (9, 'Cho thuê nhà kho');

-- ----------------------------
-- Table structure for chothue
-- ----------------------------
DROP TABLE IF EXISTS `chothue`;
CREATE TABLE `chothue`  (
  `chothue_id` int(11) NOT NULL AUTO_INCREMENT,
  `category_chothue_id` int(11) NOT NULL,
  `chothue_loainhadat` text CHARACTER SET utf8mb4 COLLATE utf8mb4_0900_ai_ci NULL,
  `chothue_gia` double(255, 0) NULL DEFAULT NULL,
  `chothue_dientich` double(255, 0) NULL DEFAULT NULL,
  `chothue_diadiem` text CHARACTER SET utf8mb4 COLLATE utf8mb4_0900_ai_ci NULL,
  `chothue_matien` double(255, 0) NULL DEFAULT NULL,
  `chothue_duongtruocnha` double(255, 0) NULL DEFAULT NULL,
  `chothue_huongnha` text CHARACTER SET utf8mb4 COLLATE utf8mb4_0900_ai_ci NULL,
  `chothue_sotang` double(255, 0) NULL DEFAULT NULL,
  `chothue_sophong` int(255) NULL DEFAULT NULL,
  `chothue_sotoilet` int(255) NULL DEFAULT NULL,
  `chothue_tieude` text CHARACTER SET utf8mb4 COLLATE utf8mb4_0900_ai_ci NULL,
  `chothue_mota` text CHARACTER SET utf8mb4 COLLATE utf8mb4_0900_ai_ci NULL,
  `chothue_hinhanh` text CHARACTER SET utf8mb4 COLLATE utf8mb4_0900_ai_ci NULL,
  `chothue_hoten` text CHARACTER SET utf8mb4 COLLATE utf8mb4_0900_ai_ci NULL,
  `chothue_diachi` text CHARACTER SET utf8mb4 COLLATE utf8mb4_0900_ai_ci NULL,
  `chothue_dienthoai` text CHARACTER SET utf8mb4 COLLATE utf8mb4_0900_ai_ci NULL,
  `chothue_email` text CHARACTER SET utf8mb4 COLLATE utf8mb4_0900_ai_ci NULL,
  `chothue_status` int(255) NULL DEFAULT NULL,
  `chothue_ngaydang` date NULL DEFAULT NULL,
  PRIMARY KEY (`chothue_id`) USING BTREE
) ENGINE = InnoDB AUTO_INCREMENT = 13 CHARACTER SET = utf8mb4 COLLATE = utf8mb4_0900_ai_ci ROW_FORMAT = Dynamic;

-- ----------------------------
-- Records of chothue
-- ----------------------------
INSERT INTO `chothue` VALUES (3, 1, 'Cho thuê căn hộ chung cư', 2, 75, '125 trần huy dưng,quận ba đình,tp hà nội', 2, 5, 'Đông', 2, 1, 1, 'Tui cho thuê căn hộ đây ', 'asd', 'images/chothue1.jpg', 'Nguyễn Công Phượng', '126 Lê Thị Sáu', '93474627', 'kiethao112@yahoo.com.vn', 1, '2018-12-18');
INSERT INTO `chothue` VALUES (4, 2, 'Cho thuê nhà riêng', 2, 75, '125 trần huy dưng,quận ba đình,tp hà nội', 2, 5, 'Đông', 2, 1, 1, 'Cho thuê căn nhà này !!!', 'asd', 'images/chothue2.jpg', 'Bùi Tiến Dũng', '126 Lê Thị Sáu', '93474627', 'kiethao112@yahoo.com.vn', 1, '2018-12-18');
INSERT INTO `chothue` VALUES (5, 3, 'Cho thuê nhà mặt phố', 2, 75, '125 trần huy dưng,quận ba đình,tp hà nội', 2, 5, 'Đông', 2, 1, 1, 'Căn nhà cần cho thuê', 'asd', 'images/chothue3.jpg', 'Đỗ Duy Mạnh', '126 Lê Thị Sáu', '93474627', 'kiethao112@yahoo.com.vn', 1, '2018-12-18');
INSERT INTO `chothue` VALUES (6, 1, 'Cho thuê căn hộ chung cư', 2, 75, '125 trần huy dưng,quận ba đình,tp hà nội', 2, 5, 'Đông', 2, 1, 1, 'Cho thuê nhà', 'asd', 'images/chothue4.jpg', 'Trần Đình Trọng', '126 Lê Thị Sáu', '93474627', 'kiethao112@yahoo.com.vn', 1, '2018-12-18');
INSERT INTO `chothue` VALUES (7, 2, 'Cho thuê nhà riêng', 2, 75, '125 trần huy dưng,quận ba đình,tp hà nội', 2, 5, 'Đông', 2, 1, 1, 'Cho thuê nhà', 'asd', 'images/chothue5.jpg', 'Đoàn Văn Hậu', '126 Lê Thị Sáu', '93474627', 'kiethao112@yahoo.com.vn', 0, '2018-12-18');
INSERT INTO `chothue` VALUES (12, 1, 'Cho thuê căn hộ chung cư', 2, 75, '125 trần huy dưng,quận ba đình,tp hà nội', 2, 5, 'Đông', 2, 1, 1, 'Cho thuê nhà', 'asd', 'images/banner1.png', 'Lương Xuân Trường', '126 Lê Thị Sáu', '93474627', 'kiethao112@yahoo.com.vn', 0, '2018-12-18');

-- ----------------------------
-- Table structure for dangtinmua
-- ----------------------------
DROP TABLE IF EXISTS `dangtinmua`;
CREATE TABLE `dangtinmua`  (
  `stt` text CHARACTER SET utf8 COLLATE utf8_unicode_ci NULL,
  `ten` text CHARACTER SET utf8 COLLATE utf8_unicode_ci NULL,
  `sdt` text CHARACTER SET utf8 COLLATE utf8_unicode_ci NULL,
  `title` text CHARACTER SET utf8 COLLATE utf8_unicode_ci NULL,
  `noidung` text CHARACTER SET utf8 COLLATE utf8_unicode_ci NULL
) ENGINE = InnoDB CHARACTER SET = utf8 COLLATE = utf8_unicode_ci ROW_FORMAT = Dynamic;

-- ----------------------------
-- Records of dangtinmua
-- ----------------------------
INSERT INTO `dangtinmua` VALUES ('2', 'Lê Anh Hiếu', '0929391670', 'Cần Mua Đất', 'Cần Mua Miếng Đất Ngay Tại Trung Tâm Thành Phố Đà Nẵng,mua đất phúc chỉnh 2 hoặc phúc chỉnh 1 phường nam thành ai ban alo mình nhé…..');
INSERT INTO `dangtinmua` VALUES ('3', 'Hà Tuấn Kiệt', '0934754627', 'Cần Mua Khu Nhà Biệt Thự ', 'Hiện Tại,Muốn Mua Căn Nhà Biệt Thự Gần Công Viên, Ai có Pmm');
INSERT INTO `dangtinmua` VALUES ('0', 'son', '46546546', 'can mua nha', 'can mua nha 11 ty');

-- ----------------------------
-- Table structure for noi_ngoai_that
-- ----------------------------
DROP TABLE IF EXISTS `noi_ngoai_that`;
CREATE TABLE `noi_ngoai_that`  (
  `ID_noingoaithat` int(255) NOT NULL,
  `image_noingoaithat` text CHARACTER SET utf8 COLLATE utf8_unicode_ci NULL,
  `tieude_noingoaithat` text CHARACTER SET utf8 COLLATE utf8_unicode_ci NULL,
  `noidung_noingoaithat` text CHARACTER SET utf8 COLLATE utf8_unicode_ci NULL,
  PRIMARY KEY (`ID_noingoaithat`) USING BTREE
) ENGINE = InnoDB CHARACTER SET = utf8 COLLATE = utf8_unicode_ci ROW_FORMAT = Dynamic;

-- ----------------------------
-- Records of noi_ngoai_that
-- ----------------------------
INSERT INTO `noi_ngoai_that` VALUES (1, 'images/a.jpg', 'Nhà ống nhiều nhược điểm ở Sài Gòn ‘lột xác’ với 300 triệu', 'Trước khi sửa, ngôi nhà 2 tầng trong hẻm bị nóng bức, nhiều chỗ thiếu sáng, thiết kế nặng nề.\r\nNhà ống nhiều nhược điểm ở Sài Gòn ‘lột xác’ với 300 triệu\r\n\r\n\r\n\r\nNgôi nhà ống 40 m2 (4x10m) hướng Tây, nằm trong ngõ nhỏ ở quận 8, TP HCM. Trước khi cải tạo, nhà xây kiểu cũ trông đơn điệu, tối và thiếu công năng. Gia đình muốn sửa lại để có nhiều ánh sáng mà vẫn đảm bảo an toàn, riêng tư.\r\n\r\n\r\n\r\nCác KTS Đoàn Sĩ Nguyên, Lê Đình Mạnh, Nguyễn Ngọc Minh Quang, Huỳnh Huy Tiến (Công ty sawadeesign) không chỉ đem lại nơi ở ưng ý cho chủ nhà mà còn tạo ra mặt tiền khác lạ với xung quanh.\r\n\r\nViệc sử dụng cửa chớp xoay cung cấp đủ ánh sáng, thông gió cho công trình đồng thời tạo nên nét độc đáo cho mặt tiền.\r\n\r\n\r\nTầng một có không gian để xe được tách biệt với nơi tiếp khách và bếp ăn nhờ chênh lệch độ cao sàn nhà.\r\nNhà ống nhiều nhược điểm ở Sài Gòn ‘lột xác’ với 300 triệu\r\nKhu vực cầu thang lấy sáng và thông gió tự nhiên khiến cho nhà không còn cảm giác u tối, giúp tiết kiệm điện năng vào ban ngày.\r\n\r\n\r\nCác chi tiết được thiết kế đơn giản với sắc trắng của tường, cầu thang, bàn ghế; màu ghi xám của sàn nhà và một vài mảng tường tạo điểm nhấn…\r\n\r\nCầu thang thiết kế thanh mảnh với các bậc rỗng, dây cáp chắc chắn thay cho tay vịn, giúp cho ánh sáng tự nhiên lan tỏa tốt hơn.\r\n\r\n\r\nKhu vực bếp, bàn ăn ấm áp và xinh xắn, diện tích vừa đủ cho gia đình bốn người.\r\n\r\nBàn học được bố trí luôn ở tầng một giúp con cái có thể trao đổi với bố mẹ đang chuẩn bị bữa cơm hàng ngày, ngồi sofa đọc sách.\r\n\r\nTầng hai là nơi nghỉ ngơi của hai vợ chồng và hai con nhỏ.\r\n\r\n\r\nVào những ngày mát mẻ, chủ nhà có thể mở rộng cửa tận hưởng gió mát.\r\nNhà ống nhiều nhược điểm ở Sài Gòn ‘lột xác’ với 300 triệu\r\nGiữ lại khung nhà, gia đình tốn 300 triệu để làm mới mặt tiền, thay đổi kết cấu cầu thang, nội thất (bếp, khu vệ sinh, nội thất phòng ngủ, bàn ghế…).\r\nHồng Liên\r\nẢnh: Quang Dam');
INSERT INTO `noi_ngoai_that` VALUES (2, 'images/a.jpg', 'Thiết kế nội thất đẹp và thông minh của nhà diện tích có 60 m2', 'Phong thủy nhà ở giữ vai trò quan trọng cho sự nghiệp, tài vận của gia chủ, các thành viên trong gia đình, bố trí phong thủy nhà ở hợp lí sẽ giúp cải thiện cuộc sống. Tuy nhiên, những yếu tố xung quanh ngôi nhà cũng mang lại tác động tiêu cực cho phong thủy, sau đây là 6 lỗi phong thủy cần phải hóa giải theo các chuyên gia phong thủy nhà ở.\r\n\r\n\r\nHóa giải 6 lỗi phong thủy cho nhà ở\r\n1. Trong phong thủy nhà ở thấp hơn mặt đường là tối kỵ\r\n\r\n\r\nPhong thủy nhà ở khi mặt đường cao hơn so với nhà ở, từ trong nhà nhìn thẳng ra cửa chính như bị trở ngại của bức tường chắn, khiến cuộc sống gia chủ sẽ hay gặp chướng ngại ngăn cản. Theo người Trung Quốc, nơi ở thấp hơn mặt đất chỉ dành cho người chết, do đó đây là một điều kiêng kỵ trong phong thủy nhà ở.\r\n\r\nTheo chuyên gia phong thủy nhà ở, chủ nhà cần nâng năng lượng của ngôi nhà bằng cách giữa cho cửa phía trước luôn sáng sủa nhất. Nếu có thể, gia chủ nên suy nghĩ lựa chọn một ngôi nhà tốt hơn.\r\n\r\n2. Phong thủy nhà ngã ba như phạm mũi tên độc\r\nPhong thủy nhà ở quan niệm đường đâm thẳng vào nhà tạo nên mũi tên độc trước của nhà. Với những ngôi nhà có phong thủy nhà ngã 3 quay ra hướng Đông, sẽ gây hại cho đứa con trai lớn, các mối quan hệ gia đình. Nếu nhà hướng về phía Tây Nam, thành viên trong gia đình thường xuyên gặp tai nạn hoặc ảnh hưởng xấu đến người phụ nữa trong gia đình.\r\n\r\n\r\n\r\nCách hóa giải nhà ngã ba của lỗi phong thủy nhà ở nhà do ảnh hưởng của đường đâm thẳng vào nhà được các chuyên gia gợi ý như sau\r\n\r\nKhi mua nhà, người mua nên tránh chọn mua nhà ở ngã ba. Trong trường hợp xây nhà, không nên đặt của chính hướng trực diện với con đường.\r\nĐối với trường hợp bất khả kháng, gia chủ nên treo gương bát quái lồi trước cửa nhà để giảm bớt luồng khí độc xông thẳng vào nhà.\r\n3. Nhà ở có bếp đặt ở hướng Tây Bắc\r\nTheo người xưa quan niệm, người đàn ông là trụ cột trong gia đình. Vị trí đại diện trụ cột nằm ở góc Tây Bắc. Tuy nhiên, nếu đặt bếp ở hướng Tây Bắc, góc này sẽ bị ảnh hưởng bởi ngọn lửa sẽ gây ra bất lợi cho người đàn ông như bị tai nạn, bệnh tật, mất việc hoặc phá sản.\r\n\r\n\r\n\r\nĐây là lỗi bố trí không gian căn nhà trong phong thủy nhà ở, các chuyên gia khuyên rằng:\r\n\r\nGia chủ nên kiểm tra thiết kế ngôi nhà, chủ nhà chọn mua hoặc xây nhà nên kiểm tra kĩ bản thiết kế nhà ở, các hướng đặt không gian trong nhà tránh những lỗi phong thủy về không gian.\r\nNhững gia đình đã đặt bếp ở hướng này, nên tránh dùng bếp gas vì đó là ngọn lửa thật, có thể sử dụng bếp điện để hạn chế ảnh hưởng của ngọn lửa.\r\n4. Phong thủy xấu do dốc phía sau nhà ở\r\nPhong thủy nhà ở đề cao nhà có vị trí dựa núi, biểu tưởng chống lưng cho gia chủ, tạo sự hỗ trợ vững vàng tiến về phía trước. Người xưa có câu “có người chống lưng” chính là như vậy. Tuy nhiên, nếu sau nhà là con dốc thì chủ nhà đang dần tuột khỏi sự giúp đỡ của quý nhân, những nguồn năng lượng dồi dào cũng nhanh chống trượt ra đằng sau khiến tài chính khó tích lũy, công việc, các mối quan hệ cũng sẽ giảm sút.\r\n\r\n\r\n\r\nTheo chuyên gia phong thủy gợi ý, gia chủ có thể tham khảo hóa giải lỗi phong thủy này bằng các cách sau:\r\n\r\nChủ nhà nên tạo dựng vật cản để ngăn những luồn năng lượng chạy ra khỏi nhà. Tốt nhất là nên dựng hàng rào, để có thể giữ lại được những luồng khí tốt\r\nTrồng hàng cây hoặc lắp thêm đèn ở mặt sau ngôi nhà sẽ tạo sự sáng sủa, sức sống thiên nhiên, trong lành thu hút thêm các nguồn năng lượng.\r\n5. Nhà ở trên đất thóp hậu\r\nTheo quan niệm phong thủy nhà ở, nhà xây dựng trên đất nở hậu giúp trữ nhiều tiền bạc thì đất thóp hậu như chiếc phễu lớn làm tuôn hết năng lượng tốt, về lâu về dai thường không tốt, không bền vững. Chủ nhà cũng sẽ khó khăn trong việc xây dựng, bài trí nội thất.\r\n\r\nCách hóa giả lỗi phong thủy nhà ở này cũng giống trường hợp có dốc phía sau nhà, gia chủ có thể xây thường hoặc hàng rào để giữ lại các luồng khí tốt.\r\n\r\n6. Phong thủy nhà ở: tránh đặt gường đối diện phòng tắm\r\nPhong thủy nhà ở đề cao việc đặt không gian phòng ngủ, nhất là vị trí gường nằm, tránh đặt đối diện phòng tấm, gia chủ sẽ hấp thụ nguồn năng lượng tiêu cực gây ra các bệnh về cơ bắp, xương khớp, tiền bạc bị thất thoát.\r\n\r\nLỗi phong thủy nhà ở do bố trí không gian trong nhà, được chuyên gia hướng dẫn hóa giải như sau:\r\n\r\nPhòng ngủ nên có độc lập, có trường bao quanh hoàn toàn, đóng cửa cách li với phòng tắm. Đồng thời giải di chuyển vị trí của giường nằm.\r\nChủ nhà khi mua hoặc xây nhà có thể tham khảo bản vẽ chi tiết để đưa ra những yêu cầu sữa đổi.\r\nPhong thủy nhà ở nếu được chú trọng sẽ mang lại sự thịnh vượng, sức khỏe, đặc biệt tạo nhiều thuận lợi hỗ trợ cho gia chủ trong sự nghiệp, cuộc sống gia đình. Cần chú trọng những yếu tố cơ bản, đưa ra những quyết định thay đổi bố trí nhà cửa theo phong thủy để tạo nên cuộc sống an lành cho gia chủ.');
INSERT INTO `noi_ngoai_that` VALUES (3, 'images/a.jpg', 'Cách giảm bớt vận hạn cho các con giáp trong năm Bính Thân (P3)', 'Bản chất mỗi vật trong vũ trụ đều mang đặc tính tương sinh tương khắc. Theo quan điểm truyền thống, những vật có lợi riêng cho một tuổi nào đó sẽ ược coi là “Linh vật” mang lại may mắn của tuối đó. Nếu đặt linh vật ở phương vị thích hợp sẽ giúp phát huy được tác dụng sinh vượng hoá sát đặc hữu của nó, rất có lợi trong việc cải thiện vận trình cả năm.\r\nTuổi Ngọ\r\nTuổi Ngọ năm nay sẽ có vận thế cả không được tốt lắm, tiền đồ có thể sẽ gặp rất nhiều trắc trở, đặc biệt là có nhiều nguy cơ gặp phải kẻ tiểu nhân gây chuyện thị phi, thậm chí gây ra tai hoạ bất ngờ. Do đó, tuổi Ngọ cần phải cố gắng tranh thủ sự ủng hộ của đồng nghiệp. Để hướng cát tránh hung, tuổi Ngọ có thể đặt một đôi Mã cẩu đồng tâm màu xanh lá cây ở hướng Đông, đây sẽ là linh vật sinh vượng cho tuổi Ngọ trong năm nay.\r\n\r\nChuyên gia phong thủy Tống Thiều Quang cho biết, Tuấn mã và Linh khuyển đều là những loại gia súc hết mực trung thành và là người bạn tốt, rất hữu ích của con người. Khi hai con vật này sóng đôi cùng nhau, chúng sẽ hợp thành biểu tượng mang ý nghĩa Mã Cẩu Đồng Tâm, đem lại may mắn cho tuổi Ngọ.\r\n\r\nNăm nay người tuổi Ngọ có 3 phương vị sinh vượng gồm hướng Đông, hướng Đông Nam và Tây Bắc. Nếu được, nên đặt giường ngủ, bàn làm việc và sofa ở 3 phương vị này trong nhà, hoặc ít nhất cũng nên tránh đặt tại các hướng Bắc và hướng Nam, để hợp với đạo tránh hung.\r\n\r\nMàu sắc sinh vượng của tuổi Ngọ năm nay gồm màu xanh lá cây, xanh lam và màu trắng. Nếu tuổi Ngọ biết lợi dụng những màu sắc này để bố trì phòng ốc, hoặc phối hợp quần áo phù hợp sẽ giúp ích lớn cho việc cải thiện vận trình cả năm. Ngoài ra, năm nay tuổi Ngọ cũng kỵ màu vàng và cam, nên hạn chế sử dụng.\r\n\r\nCon số sinh vượng của tuổi Ngọ trong năm 2016 là số 1 và số 9.\r\n\r\nphong thủy cho các con giáp\r\nBày linh vật phong thủy đúng phương vị sẽ giúp các con giáp giảm bớt vận hạn trong năm\r\nTuổi Mùi\r\nDù tài vận của người tuổi Mùi năm nay có khởi sắc hơn nhưng cũng vẫn bấp bênh, không ổn định, khi tốt lúc xấu, càng về cuối năm tài vận lại càng xuống thấp, do đó tuổi này cần phải cẩn thận, tránh để kẻ khác dòm ngó, tránh những rắc rối phát sinh trong công việc hoặc để tiểu nhân giở trò. Trong thời gian này, điều quan trọng nhất với tuổi Mùi vẫn là dũng cảm đối mặt với khó khăn, thử thách, tuyệt đối không được phép chùn bước, vì một khi lùi bước có thể bạn sẽ phải nhận hậu họa khôn lường, càng khó chống đỡ. Năm nay tài chính của tuổi Mùi dễ tụt dốc không phanh, vì thế không nên đầu tư làm ăn, lại càng phải tránh xa cờ bạc. Ngoài ra, tuổi này cũng cần thận trọng, tránh rơi vào vòng xoáy kim tiền. Dù sức khỏe trong năm khá tốt, nhưng rất dễ rước họa sát thân. Khi ra ngoài, cần cẩn trọng, tránh mạo hiểm.\r\n\r\nCho dù vận trình cả năm có được đại cát đại lợi hay không thì các con giáp cũng đều phải biết hướng cát tránh hung, để cho tuổi cát thì càng gặp cát, tuổi hung thì được tiêu trừ bớt tai họa.\r\n\r\nNăm nay tài vận của người tuổi Mùi chỉ ở mức bình thường, công việc lại gặp nhiều trắc trở, cần phải làm việc cẩn trọng. Ngoài ra, do có Bệnh Phù chiếu mệnh, nên tuổi Mùi có thể gặp nhiều vấn đề về sức khỏe, phải đề phòng bệnh tật xâm nhập.\r\n\r\nDo tài vận năm nay không tốt nên tuổi Mùi hãy đặt ở hướng Đông hoặc đầu giường một đôi Phúc Thọ Khang Ninh làm bằng đá đỏ cam để cầu an. Tương truyền, vào những đêm trăng sáng thường xuất hiện hình ảnh Thỏ ngọc giã thuốc trên cung trăng, đây đều là những loại tiên dược trường sinh bất lão. Theo người xưa, Phúc Thọ Khang Ninh là biểu tượng của sức khỏe bởi nó được làm từ tiên dược mà Thỏ ngọc đã giã. Từ đó, hình ảnh thỏ ngọc ngồi trong hồ lô đảo thuốc trở thành biểu tượng của sức khỏe, bách niên giai lão.\r\n\r\nTuổi Mùi nên đặt giường ngủ, bàn làm việc và sofa vào 3 hướng sinh vượng gồm Đông, Tây Nam và Đông Nam để cải thiện vận thế. Nếu không thể làm được như vậy thì ít nhất cũng nên kê 3 vật dụng quan trọng nhất tránh các hướng Bắc và Đông Bắc.\r\n\r\nCác màu sắc sinh vượng cho tuổi Mùi năm nay gồm có màu cam, màu vàng và màu đỏ. Nên tận dụng, bố trí sắp xếp những màu này trong phòng hoặc trong phối trang phục hàng ngày phù hợp để cải thiện vận trình cả năm. Đồng thời nên hạn chế sử dụng màu xám và màu xanh.\r\n\r\nCon số sinh vượng của tuổi Mùi năm nay là số 2 và số 8.\r\n\r\nTuổi Thân\r\nNăm nay là năm tuổi của người tuổi Thân, hơn nữa trong cung mệnh tuổi này lại có nhiều hung tinh nên vận thế rất dễ đi xuống, có nhiều trắc trở! Tuổi Thân năm nay dễ bị tiểu nhân gây thị phi, hơn nữa còn dễ mắc họa sát thân. Nếu muốn hướng cát tránh hung, tuổi này nên đặt một đôi Linh vật bảo hộ Tam hợp Bảo tuế bằng đá màu nâu ở hướng Tây trong nhà hoặc đầu giường. Cũng có thể mang theo bên mình Tam hợp Bảo tuế bằng đá màu vàng sẽ phát huy hiệu quả tốt hơn.\r\n\r\nTam Hợp Bảo Tuế là bộ ba linh vật gồm hầu, thử, long, phù hợp với ý tam hợp của các tuổi Thân, Tý, Thìn, hợp mà không xung, giúp hóa giải tà ma. Linh Thử nằm yên tĩnh trên thân Bàn Long, và nằm gọn trong vòng tay của Linh Hầu, là biểu tượng của sự hòa hợp yên vui, một không khí cát hòa.\r\n\r\nNgười tuổi Thân năm nay có 3 hướng vượng cát gồm Tây, Đông Nam và Tây Bắc, nếu có thể, người Tuổi Thân nên đặt giường ngủ, bàn làm việc và sofa ở 3 hướng trên trong phòng để cải thiện vận trình của cả năm. Nếu không thể thay đổi được vị trí, chí ít cũng nên đặt 3 đồ quan trọng này tránh các hướng Đông Bắc và hướng Nam.\r\n\r\nNhững màu sắc mang lại may mắn cho người tuổi Thân năm nay gồm màu đỏ, vàng và tím; nếu biết tận dụng những màu sắc này để trang trí phòng ở, hoặc phối trang phục sẽ rất có lợi trong việc cải thiện vận trình cả năm! Bên cạnh đó, tuổi Thân cũng nên hạn chế dùng các màu xanh lục và màu xanh lam. Con số sinh vượng cho tuổi Thân năm nay là là số 6 và 7.\r\n\r\nLưu ý:\r\n\r\nLinh vật phong thủy thường được khắc bằng đá tự nhiên nên sẽ có vân tự nhiên trên thân chứ không phải vết rạn! Nhưng nếu sau khi bày một thời gian mà đột nhiên linh vật bị vỡ chứng tỏ nó đã gánh họa cho chủ nhà, công hiệu vốn có của nó không còn nữa, nên nhanh chóng thay cái khác.\r\n\r\nNgoài ra, những phương vị hướng cát tránh hung trên đây đều được đúc kết từ người xưa cho từng con giáp cụ thể, không liên quan gì đến các con giáp khác, cần tránh nhầm lẫn.\r\n\r\n(Theo Vnmedia)');
INSERT INTO `noi_ngoai_that` VALUES (4, 'images/a.jpg', 'Cách giảm bớt vận hạn cho các con giáp trong năm Bính Thân (P2)', 'ổi Mão:\r\nNăm nay người tuổi Mão có sao may mắn chiếu mệnh, vận thế thịnh vượng, nhưng tuổi này phải nhẫn nại thì mới có thể giải trừ hết trở ngại vây quanh, thu về cả danh lẫn lợi! Nhờ có sao tài lộc cao chiếu nên tiền tài thu vào no đủ, nhưng tuổi Mão cũng chớ tham. Nếu muốn xu cát tịnh hung, tuổi này nên bày một đôi Phượng Hoàng Đắc Bảo màu vàng trong nhà hoặc trên bàn làm việc, đầu giường ngủ sẽ thêm thịnh vượng. Linh vật này nên đặt ở hướng Đông sẽ có lợi hơn. Nếu tuổi Mão mang bên mình một miếng đá màu vàng có khắc chữ Phượng Hoàng Đắc Bảo làm bùa hộ mệnh thì công hiệu lại càng nhanh và rõ rệt hơn.\r\n\r\ntượng phượng hoàng\r\nTượng phượng hoàng được cho là bảo bối mang lại may mắn\r\nPhượng Hoàng là một trong tứ linh cùng với Long, Quy, Kỳ Lân, tức là loài vật có linh khí, chim thú quý hiếm, là biểu tượng của may mắn! Nguyên bảo là bảo vật cổ đại tượng trưng cho phú quý. Người xưa có câu Hoàng Hoàng Vô Bảo Bất Lạc (Phượng hoàng xuất hiện, tài lộc đến nhà), do đó tượng Phượng Hoàng nằm trên nguyên bảo được cho là đem đến phú quý cát tường!\r\n\r\nTrong năm nay, tuổi Mão sẽ nhận được thịnh vượng và may mắn ở các hướng Đông, Tây Bắc và Tây Nam. Do đó, tuổi này nên bài trí giường, bàn làm việc hay bàn ghế theo các hướng tốt này để đón may mắn và giúp cải thiện vận trình trong năm.\r\n\r\nNếu không thể bài trí được như trên thì những đồ đạc quan trọng trong nhà cũng nên tránh các hướng xấu là Tây và Nam.\r\n\r\nNăm nay, những màu sắc sinh vượng với tuổi Mão gồm có màu vàng, màu tím và đỏ; nếu biết vận dụng đúng màu sắc này vào việc trang trí phòng ốc hoặc ăn mặc thì sẽ rất có ích cho việc cải thiện vận trình cả năm. Tuổi Mão năm nay kỵ các màu xám và màu đen, nếu được nên hạn chế sử dụng. Con số cát với tuổi này là số 4 và số 9.\r\n\r\nTuổi Thìn:\r\nNăm nay tuổi Thìn bị nhiều hung tinh chiếu mệnh nhưng lại không có cát tinh hóa giải, do đó vận thế lúc thăng lúc trầm, phải cẩn trọng, không được khinh suất! Hơn nữa tuổi này lại luôn cô lập một mình, nên rất cần có sự giúp đỡ bên ngoài mới có thể hóa giải điềm hung! Để hướng cát tránh hung, tuổi Thìn nên bày đôi Linh vật Long Phượng Trình Tường bằng đá màu nâu đỏ ở hướng Tây sẽ nhận được may mắn cho vận trình của năm. Tốt hơn nữa nên đeo vòng đá Long Phượng Trình Tường màu vàng bên người làm bùa hộ mệnh.\r\n\r\nLong và Phượng đều thuộc tứ linh là những con vật mang lại may mắn. Người xưa coi Long và Phượng là tượng trưng cho vua và hoàng hậu, có vị trí rất tôn quý! Chữ “Tường” được tổ thành từ chữ “ Dương” (con dê), do đó “Dương” cũng trở thành biểu tượng của sự may mắn. Rồng và Phượng kết hợp cùng với Dương (con dê) là 3 con vật may mắn được nhắc đến trong Long Phượng Trình Tường.\r\n\r\nTuổi Thìn năm nay có 3 phương vị có thể sinh vượng gồm hướng Tây, Đông Nam và Tây Nam; các đồ đạc trong phòng như giường ngủ, bàn làm việc, ghế ngồi nếu được kê ở những phương vị này sẽ rất hợp phong thủy đồng thời giúp cải thiện vận trình của năm nay. Nếu được, hãy cố gắng kê các đồ vật quan trọng kể trên tránh các hướng Tây Bắc và Bắc.\r\n\r\nMàu sắc hợp với người tuổi Thìn năm nay gồm đỏ, cam và trắng; nên dùng những màu này trong việc trang trí nhà cửa và phối hợp quần áo để cải thiện vận trình cả năm và tránh dùng các màu xanh lá cây, xám.\r\n\r\nCon số may mắn của người tuổi Thìn năm nay gồm số 5 và số 7.\r\n\r\nTuổi Tỵ:\r\nNgười tuổi Tỵ sẽ đón một năm vận thế hưng vượng, đại cát đại lợi! Công việc có những tiến triển tốt, công thành danh toại, nhờ có tài tinh cao chiếu nên tiền vào như nước, nhưng đáng tiếc sức khỏe tuổi này lại thất thường nên phải đặc biệt chú ý bảo vệ thân thể. Nếu muốn hướng cát tránh hung, tuổi Tỵ có thể đặt ở đầu giường một đôi Ngư Quy Tranh Huy có màu nâu xám làm linh vật may mắn.\r\n\r\nTrong Hán tự, cá chép gần âm với từ “dư lợi”, hơn nữa đây là loài vật có sức sống dồi dào nên được mọi người vô cùng yêu thích! Còn Rùa là một trong tứ linh, biết cách hướng cát tránh hung, ngoài ra còn là con vật khỏe mạnh và trường thọ nên cũng rất được ưa chuộng. Hình ảnh cá chép và linh quy cùng nhảy lên trên ngọn sóng xanh biếc để tranh đoạt Minh Châu trên đá nham thạch chính là biểu tượng linh vật cát tường Ngư Quy Tranh Huy.\r\n\r\nBa hướng cát sinh vượng với người tuổi Tỵ năm nay gồm hướng Tây, Đông và Tây Nam; do đó nên đặt giường ngủ, bàn làm việc và sofa ở 3 hướng này sẽ có lợi cho việc cải thiện vận trình cả năm hoặc ít nhất cũng tránh đặt 3 vật quan trọng trong nhà ở hướng Tây Bắc và Nam.\r\n\r\nMàu sắc sinh vượng của tuổi Tỵ trong năm nay là màu xám, xanh lam và đen; nên tận dụng hợp lý những màu sắc này để trang trí nhà cửa hoặc phối trang phục để cải thiện vận trình cả năm và tránh các màu đỏ và tím.\r\n\r\nCon số sinh vượng với người tuổi Tỵ năm nay là số 6 và 8.\r\n\r\n(Theo Vnmedia)');
INSERT INTO `noi_ngoai_that` VALUES (5, 'images/a.jpg', 'Cách giảm bớt vận hạn cho các con giáp trong năm Bính Thân (P1)', 'Dưới đây là một số gợi ý của chuyên gia phong thủy Tống Thiều Quang giúp các con giáp giảm bớt vận hạn trong năm mới Bính Thân 2016.\r\n1. Tuổi Tý:\r\nNăm nay người tuổi Tý có vận thế khá khởi sắc, đây chính là cơ hội tốt để phát triển cơ đồ, có thể một bước lên mây. Tuy nhiên điều đáng tiếc là sức khỏe tuổi Tý chỉ bình bình, dễ mắc bệnh truyền nhiễm, do đó phải chú ý ăn uống hợp vệ sinh. Nên đặt ở hướng Tây một đôi kỳ lân ngậm cỏ linh chi màu nâu để sinh vượng, lấy cát tránh hung. Đặc biệt, nếu người tuổi Tý mang thêm bên mình một miếng đá màu vàng hình đôi Kỳ Lân Ngậm Linh Chi làm bùa hộ thân thì công hiệu lại càng nhanh và linh nghiệm.\r\n\r\ntượng kỳ lân\r\nTượng Kỳ lân ngậm linh chi giúp hóa giải vận hạn cho tuổi Tý năm Bính Thân\r\nTrong năm nay, người tuổi Tý có 3 hướng cát sinh vượng gồm hướng Tây, hướng Đông Nam và Tây Nam. Nếu kê được đầu giường, bàn làm việc hoặc sô pha vào ba hướng này thì càng tốt, vì sẽ hợp với đạo hướng cát theo phong thủy năm 2016 của tuổi Tý, mang lại nhiều lợi ích cho việc cải thiện vận trình cả năm. Trường hợp không thay đổi được vị trí cũng nên kê ba thứ quan trọng nêu trên cũng không nên kê vào các hướng Nam và Bắc nhằm tránh hung.\r\n\r\nBa màu sắc gồm đỏ, vàng và tím sẽ giúp sinh vượng cho người tuổi Tý. Những ai tuổi Tý biết dùng những màu sắc này vào việc ăn mặc hoặc bố trí phòng ốc sẽ rất có ích cho việc cải thiện vận trình cả năm. Tuổi Tý năm nay sẽ kỵ các màu như xanh lục và đen, tốt nhất nên tránh sử dụng hai màu này. Con số sinh vượng của con giáp này trong năm 2016 là số 1 và số 6.\r\n\r\n2. Tuổi Sửu:\r\nNhững ai tuổi Sửu năm nay nên bày đôi Linh vật bằng ngọc màu xanh ngọc với ý nghĩa “Lục Lục Vô Cùng” ở phía Đông Nam, hoặc cạnh bàn làm việc. Dân gian thường có câu“ Tam tam bất tận, lục lục vô cùng”, trong đó “lục” là âm đọc chỉ số 6, đồng âm với cách đọc từ “con nai” trong tiếng Hán, do đó khi bày đôi nai sẽ có ý nghĩa về sự may mắn. Ngoài ra, âm Hán Việt của con nai cũng trùng âm đọc với chữ “ lộc” nên đôi nai còn có thêm ý nghĩa là “công danh lợi lộc”. Năm nay tuổi Sửu sẽ có vận trình đại cát đại lợi, công việc tốt đẹp, nhận được sự hỗ trợ và có nhiều đột phá! Tuy nhiên tuổi này cũng cần đề phòng tiểu nhân cản đường. Để hướng cát tránh hung, tuổi Sửu nên đặt cặp “lục lục vô cùng” màu xanh ngọc ở phía Đông Nam.\r\n\r\nPhương vị Cát năm nay của tuổi Sửu là ở hướng Đông Nam, hãy lắp giường, đặt bàn làm việc hoặc bàn ghế ở phương vị này để phù hợp phong thủy của năm, đồng thời giúp cải thiện vận trình năm nay. Các hướng nên tránh gồm Tây Nam và Đông Bắc, các đồ đạc quan trọng nên tránh đặt ở hướng này để tránh hung.\r\n\r\nMàu sắc hợp với người tuổi Sửu năm là màu xanh lá cây, xám, và xanh da trời, nên dùng những màu này để trang trí phòng ốc, phối quần áo để cải thiện vận trình cả năm của mình, đồng thời tránh dùng màu đỏ và cam. Con số may mắn năm nay của con giáp này là số 2 và số 8.\r\n\r\n3. Tuổi Dần:\r\nĐể hóa sát, những ai tuổi Dần nên đặt một đôi “Dần Hợi Cát Tường” bằng đá màu vàng kim trong nhà hoặc trên bàn làm việc. Cặp đôi hổ uy nghiêm oai phong leo lên bức tường thành và lợn với vẻ mặt vui vẻ nằm trên cao mang ý nghĩa vạn sự như ý. Theo thuật học, Dần và Hợi là hai con giáp trong lục hợp, hai con vật này rất hợp nhau, không hề tương khắc. Ngoài ra, chữ “tường” trong từ bức tường thành cũng đồng âm với chữ “tường” trong từ cát tường, do đó tượng hai con vật này được cho là sẽ đem lại nhiều may mắn. Năm nay, tuổi Dần bị phạm thái tuế, vận hạn gập ghềnh nên phải từng bước hóa giải. Công việc không tiến triển nhiều, có thể con bị đình trệ, thậm chí gặp nhiều tiểu nhân và chuyện thị phi, nên tuổi Dần nếu lơ là một chút là có thể bị rơi vào tình trạng làm không công. Để hướng cát tránh hung, tuổi Dần nên đặt một đôi hổ và lợn màu vàng kim làm linh vật bảo vệ.\r\n\r\nBa hướng tốt với tuổi Dần năm nay gồm hướng Đông, hướng Tây Bắc và hướng Tây. Nếu đặt được giường ngủ, bàn làm việc và ghế sofa theo đúng hướng này sẽ rất tốt cho tuổi Dần cũng như có lợi cho việc cải thiện vận mệnh trong năm nay.\r\n\r\nNếu không thể làm được như trên, tuổi Dần cũng nên đặt giường ngủ, bàn làm việc và ghế sofa tránh các hướng xấu là Tây Nam và Nam. Màu sắc may mắn của người tuổi Dần năm nay gồm vàng, đỏ và tím. Nên sử dụng những màu này để trang trí phòng ở hoặc phối đồ quần áo để nhận được ảnh hưởng tốt đến cuộc sống năm nay. Các màu kỵ với tuổi Dần năm nay gồm màu xanh da trời, xanh lục, còn con số may mắn của con giáp này là số 3 và số 5.\r\n\r\nChuyên gia Phong thủy Tống Thiều Quang\r\n(Theo Vnmedia)');

-- ----------------------------
-- Table structure for product
-- ----------------------------
DROP TABLE IF EXISTS `product`;
CREATE TABLE `product`  (
  `product_id` int(11) NOT NULL AUTO_INCREMENT,
  `category_id` int(11) NULL DEFAULT NULL,
  `product_hinhthuc` text CHARACTER SET utf8 COLLATE utf8_unicode_ci NULL,
  `product_name` varchar(45) CHARACTER SET utf8 COLLATE utf8_unicode_ci NULL DEFAULT NULL,
  `product_image` varchar(255) CHARACTER SET utf8 COLLATE utf8_unicode_ci NULL DEFAULT NULL,
  `product_price` double NULL DEFAULT NULL,
  `product_description` text CHARACTER SET utf8 COLLATE utf8_unicode_ci NULL,
  `product_sdt` text CHARACTER SET utf8 COLLATE utf8_unicode_ci NULL,
  `product_dientich` double(255, 0) NULL DEFAULT NULL,
  `product_hoten` text CHARACTER SET utf8 COLLATE utf8_unicode_ci NULL,
  `product_vitri` text CHARACTER SET utf8 COLLATE utf8_unicode_ci NULL,
  `product_ngaydang` date NULL DEFAULT NULL,
  PRIMARY KEY (`product_id`) USING BTREE
) ENGINE = InnoDB AUTO_INCREMENT = 39 CHARACTER SET = utf8 COLLATE = utf8_unicode_ci ROW_FORMAT = Dynamic;

-- ----------------------------
-- Records of product
-- ----------------------------
INSERT INTO `product` VALUES (1, 1, 'Bán Căn Hộ Chung Cư', 'Nhà Đẹp Cần Bán(pmm)', 'images/cap4-7.jpg', 2.6, 'Do cần vốn kinh doanh bán nhanh nhà cấp 4 K19 Lê Đình Thám ngay chợ Mới khu vực đông đúc tiện sinh hoạt hộ khẩu trung tâm. \r\nNhà có diện tích đất 95m2 kiệt rộng 2.5-3m, gia đình mới xây ở được 1 năm kiên cố chắc chắn,ngôi nhà được xây dựng rất tâm huyết ,nay bán lại cho ai thực sự có nhu cầu \r\nBán nhanh có thương lượng cho người thiện chí mua.\r\n\r\nLiên hệ cc anh Dũng \r\nGiá: 2,6 tỷ Diện tích: 95 mét vuông\r\npmmmmmmmmmmmmmmmmmmmmmmmmmmm', '01216309942', 95, 'Nguyễn Tấn Dũng', 'K19 Lê Đình Thám,TP. Đà Nẵng', '2018-10-18');
INSERT INTO `product` VALUES (2, 1, 'Bán Căn Hộ Chung Cư', 'Ai Mua Không', 'images/cap4-5.jpg', 4.1, 'Bán nhà An Thượng 15, phường Mỹ An, quận Ngũ Hành Sơn\r\n- Nhà cấp 4 đẹp, DTĐ 75m2, hướng Đông, đường 3.5m, \r\nlề 2.5m, khu quy hoạch phố đi bộ, gần biển, gần đường Châu Thị Vĩnh Tế, khu du lịch sầm uất,\r\n thuận tiện ở hoặc đầu tư ( nhà chính chủ chưa qua đầu tư )\r\n- Giá bán 4.150 tỷ, thương lượng chính chủ\r\n*/ Vì một số lý do nên chúng tôi không đăng hình thật của nhà. Mong quý khách thông cảm \r\n( quý anh chị quan tâm xin liên hệ để được tư vấn cụ thể và xem nhà trực tiếp. Xin cảm ơn )', '0935875923', 75, 'Lương Văn Tấn', 'An Thượng 15, phường Mỹ An, quận Ngũ Hành Sơn', '2018-10-04');
INSERT INTO `product` VALUES (3, 1, 'Bán Căn Hộ Chung Cư', 'Bán Nhà Cấp 4', 'images/cap4-6.jpg', 4.5, 'Cần vốn làm ăn nên mình nhượng lại ngôi nhà 3 mặt kiệt oto 65/30 Phạm Như Xương, Hoà Khánh Nam.\r\n\r\nVề pháp lý không vướng quy hoạch, thuộc khu số 1 Bắc Ga đã phê duyệt, lại nằm ngay vị trí có đường 5,5m lề 3m đi qua, nên tương lai sẽ là nhà mặt tiền. Thuận tiện kinh doanh buôn bán.\r\n\r\nVị trí nằm tại kiệt lớn 65 Phạm Như Xương, ngay khu sầm uất sinh viên các trường Sư Phạm, Bách Khoa, Kinh Tế kế hoạch..\r\n\r\ndt 67,7m2\r\n3 mặt kiệt lớn\r\nNhà có 3 căn đang cho thuê ổn định. quá tốt cho vợ ck trẻ vừa ở vừa kinh doanh buôn bán và đợi quy hoạch tuyến đường trong 2 năm nữa sẽ thi công.\r\n\r\nthông tin đã có trên ảnh đính kèm. ai cần tìm hiểu có thể cầm sổ đỏ po lên phòng quy hoạch UBND quận Liên Chiểu để hỏi về pháp lý. cảm ơn Chợ tốt đã đăng tin!', '0925759874', 68, 'Lê Cát Bá', '65/30 Phạm Như Xương, Hoà Khánh Nam.', '2018-10-05');
INSERT INTO `product` VALUES (4, 2, 'Bán nhà biệt thự,liền kề', 'Nhà Sang Trọng', 'images/cap3-3.jpg', 2.5, 'Cần vốn làm ăn nên mình nhượng lại ngôi nhà 3 mặt kiệt oto 65/30 Phạm Như Xương, Hoà Khánh Nam.\r\n\r\nVề pháp lý không vướng quy hoạch, thuộc khu số 1 Bắc Ga đã phê duyệt, lại nằm ngay vị trí có đường 5,5m lề 3m đi qua, nên tương lai sẽ là nhà mặt tiền. Thuận tiện kinh doanh buôn bán.\r\n\r\nVị trí nằm tại kiệt lớn 65 Phạm Như Xương, ngay khu sầm uất sinh viên các trường Sư Phạm, Bách Khoa, Kinh Tế kế hoạch..\r\n\r\ndt 67,7m2\r\n3 mặt kiệt lớn\r\nNhà có 3 căn đang cho thuê ổn định. quá tốt cho vợ ck trẻ vừa ở vừa kinh doanh buôn bán và đợi quy hoạch tuyến đường trong 2 năm nữa sẽ thi công.\r\n\r\nthông tin đã có trên ảnh đính kèm. ai cần tìm hiểu có thể cầm sổ đỏ po lên phòng quy hoạch UBND quận Liên Chiểu để hỏi về pháp lý. cảm ơn Chợ tốt đã đăng tin!', '01216309942', 95, 'Hoàng Thế Nam', '126 Điện Biên Phủ,Quận Thanh Khê,TP.Đà Nẵng', '2018-10-14');
INSERT INTO `product` VALUES (5, 2, 'Bán nhà biệt thự,liền kề', 'Nhà Nhà 2 Tầng Kiên Cố', 'images/cap3-2.jpg', 4.1, 'Nhà mặt tiền hẻm 98 Dương Cát Lợi, thị trấn Nhà Bè ngay cầu Phú Xuân \r\n-Diện tích: 5x11m 2 lầu, sân thượng,4 phòng ngủ, 5WC bố trí riêng từng phòng, mặt tiền hẻm ô tô 2 chiếc tránh nhau dễ dàng. Đặc biệt nội thất full cơ bản như hình.\r\n-Sổ hồng riêng hỗ trợ vay ngân hàng 80% nếu quý khách khách cần.\r\n-Hướng Đông. Shhc. Giá: 3.1 tỷ', '01216309942', 95, 'Hoàng Thế Nam', '126 Điện Biên Phủ,Quận Thanh Khê,TP.Đà Nẵng', '2018-10-16');
INSERT INTO `product` VALUES (6, 2, 'Bán nhà biệt thự,liền kề', 'Nhà Đẹp Đường Phan Thúc Trực', 'images/cap3-1.jpg', 5.2, 'Cần vốn làm ăn nên mình nhượng lại ngôi nhà 3 mặt kiệt oto 65/30 Phạm Như Xương, Hoà Khánh Nam.\r\n\r\nVề pháp lý không vướng quy hoạch, thuộc khu số 1 Bắc Ga đã phê duyệt, lại nằm ngay vị trí có đường 5,5m lề 3m đi qua, nên tương lai sẽ là nhà mặt tiền. Thuận tiện kinh doanh buôn bán.\r\n\r\nVị trí nằm tại kiệt lớn 65 Phạm Như Xương, ngay khu sầm uất sinh viên các trường Sư Phạm, Bách Khoa, Kinh Tế kế hoạch..\r\n\r\ndt 67,7m2\r\n3 mặt kiệt lớn\r\nNhà có 3 căn đang cho thuê ổn định. quá tốt cho vợ ck trẻ vừa ở vừa kinh doanh buôn bán và đợi quy hoạch tuyến đường trong 2 năm nữa sẽ thi công.\r\n\r\nthông tin đã có trên ảnh đính kèm. ai cần tìm hiểu có thể cầm sổ đỏ po lên phòng quy hoạch UBND quận Liên Chiểu để hỏi về pháp lý. cảm ơn Chợ tốt đã đăng tin!', '01216309942', 95, 'Hoàng Thế Nam', '126 Điện Biên Phủ,Quận Thanh Khê,TP.Đà Nẵng', '2018-10-04');
INSERT INTO `product` VALUES (7, 3, 'Bán nhà mặt phố', 'Bán Nhà Mới Kiệt OTO', 'images/cap2-3.jpg', 3.2, 'Cần vốn làm ăn nên mình nhượng lại ngôi nhà 3 mặt kiệt oto 65/30 Phạm Như Xương, Hoà Khánh Nam.\r\n\r\nVề pháp lý không vướng quy hoạch, thuộc khu số 1 Bắc Ga đã phê duyệt, lại nằm ngay vị trí có đường 5,5m lề 3m đi qua, nên tương lai sẽ là nhà mặt tiền. Thuận tiện kinh doanh buôn bán.\r\n\r\nVị trí nằm tại kiệt lớn 65 Phạm Như Xương, ngay khu sầm uất sinh viên các trường Sư Phạm, Bách Khoa, Kinh Tế kế hoạch..\r\n\r\ndt 67,7m2\r\n3 mặt kiệt lớn\r\nNhà có 3 căn đang cho thuê ổn định. quá tốt cho vợ ck trẻ vừa ở vừa kinh doanh buôn bán và đợi quy hoạch tuyến đường trong 2 năm nữa sẽ thi công.\r\n\r\nthông tin đã có trên ảnh đính kèm. ai cần tìm hiểu có thể cầm sổ đỏ po lên phòng quy hoạch UBND quận Liên Chiểu để hỏi về pháp lý. cảm ơn Chợ tốt đã đăng tin!', '01216309942', 95, 'Hoàng Thế Nam', '126 Điện Biên Phủ,Quận Thanh Khê,TP.Đà Nẵng', '2018-10-12');
INSERT INTO `product` VALUES (8, 3, 'Bán nhà mặt phố', 'Bán Nhà Hà Huy Tập', 'images/cap2-2.jpg', 3.1, 'Cần vốn làm ăn nên mình nhượng lại ngôi nhà 3 mặt kiệt oto 65/30 Phạm Như Xương, Hoà Khánh Nam.\r\n\r\nVề pháp lý không vướng quy hoạch, thuộc khu số 1 Bắc Ga đã phê duyệt, lại nằm ngay vị trí có đường 5,5m lề 3m đi qua, nên tương lai sẽ là nhà mặt tiền. Thuận tiện kinh doanh buôn bán.\r\n\r\nVị trí nằm tại kiệt lớn 65 Phạm Như Xương, ngay khu sầm uất sinh viên các trường Sư Phạm, Bách Khoa, Kinh Tế kế hoạch..\r\n\r\ndt 67,7m2\r\n3 mặt kiệt lớn\r\nNhà có 3 căn đang cho thuê ổn định. quá tốt cho vợ ck trẻ vừa ở vừa kinh doanh buôn bán và đợi quy hoạch tuyến đường trong 2 năm nữa sẽ thi công.\r\n\r\nthông tin đã có trên ảnh đính kèm. ai cần tìm hiểu có thể cầm sổ đỏ po lên phòng quy hoạch UBND quận Liên Chiểu để hỏi về pháp lý. cảm ơn Chợ tốt đã đăng tin!', '01216309942', 95, 'Hoàng Thế Nam', '126 Điện Biên Phủ,Quận Thanh Khê,TP.Đà Nẵng', '2018-10-16');
INSERT INTO `product` VALUES (9, 3, 'Bán nhà mặt phố', 'Mình Cần Cho Thuê!', 'images/cap2-1.jpg', 3.1, 'Cần vốn làm ăn nên mình nhượng lại ngôi nhà 3 mặt kiệt oto 65/30 Phạm Như Xương, Hoà Khánh Nam.\r\n\r\nVề pháp lý không vướng quy hoạch, thuộc khu số 1 Bắc Ga đã phê duyệt, lại nằm ngay vị trí có đường 5,5m lề 3m đi qua, nên tương lai sẽ là nhà mặt tiền. Thuận tiện kinh doanh buôn bán.\r\n\r\nVị trí nằm tại kiệt lớn 65 Phạm Như Xương, ngay khu sầm uất sinh viên các trường Sư Phạm, Bách Khoa, Kinh Tế kế hoạch..\r\n\r\ndt 67,7m2\r\n3 mặt kiệt lớn\r\nNhà có 3 căn đang cho thuê ổn định. quá tốt cho vợ ck trẻ vừa ở vừa kinh doanh buôn bán và đợi quy hoạch tuyến đường trong 2 năm nữa sẽ thi công.\r\n\r\nthông tin đã có trên ảnh đính kèm. ai cần tìm hiểu có thể cầm sổ đỏ po lên phòng quy hoạch UBND quận Liên Chiểu để hỏi về pháp lý. cảm ơn Chợ tốt đã đăng tin!', '01216309942', 95, 'Hoàng Thế Nam', '126 Điện Biên Phủ,Quận Thanh Khê,TP.Đà Nẵng', '2018-10-17');
INSERT INTO `product` VALUES (10, 5, 'Bán đất', 'Nhà Biệt Thự MAX kinh', 'images/bietthu3.jpg', 8.5, 'Cần vốn làm ăn nên mình nhượng lại ngôi nhà 3 mặt kiệt oto 65/30 Phạm Như Xương, Hoà Khánh Nam.\r\n\r\nVề pháp lý không vướng quy hoạch, thuộc khu số 1 Bắc Ga đã phê duyệt, lại nằm ngay vị trí có đường 5,5m lề 3m đi qua, nên tương lai sẽ là nhà mặt tiền. Thuận tiện kinh doanh buôn bán.\r\n\r\nVị trí nằm tại kiệt lớn 65 Phạm Như Xương, ngay khu sầm uất sinh viên các trường Sư Phạm, Bách Khoa, Kinh Tế kế hoạch..\r\n\r\ndt 67,7m2\r\n3 mặt kiệt lớn\r\nNhà có 3 căn đang cho thuê ổn định. quá tốt cho vợ ck trẻ vừa ở vừa kinh doanh buôn bán và đợi quy hoạch tuyến đường trong 2 năm nữa sẽ thi công.\r\n\r\nthông tin đã có trên ảnh đính kèm. ai cần tìm hiểu có thể cầm sổ đỏ po lên phòng quy hoạch UBND quận Liên Chiểu để hỏi về pháp lý. cảm ơn Chợ tốt đã đăng tin!', '01216309942', 95, 'Hoàng Thế Nam', '126 Điện Biên Phủ,Quận Thanh Khê,TP.Đà Nẵng', '2018-10-17');
INSERT INTO `product` VALUES (11, 5, 'Bán đất', 'Cần Ra Đi Miếng Đất', 'images/datban.jpg', 9, 'Cần vốn làm ăn nên mình nhượng lại ngôi nhà 3 mặt kiệt oto 65/30 Phạm Như Xương, Hoà Khánh Nam.\r\n\r\nVề pháp lý không vướng quy hoạch, thuộc khu số 1 Bắc Ga đã phê duyệt, lại nằm ngay vị trí có đường 5,5m lề 3m đi qua, nên tương lai sẽ là nhà mặt tiền. Thuận tiện kinh doanh buôn bán.\r\n\r\nVị trí nằm tại kiệt lớn 65 Phạm Như Xương, ngay khu sầm uất sinh viên các trường Sư Phạm, Bách Khoa, Kinh Tế kế hoạch..\r\n\r\ndt 67,7m2\r\n3 mặt kiệt lớn\r\nNhà có 3 căn đang cho thuê ổn định. quá tốt cho vợ ck trẻ vừa ở vừa kinh doanh buôn bán và đợi quy hoạch tuyến đường trong 2 năm nữa sẽ thi công.\r\n\r\nthông tin đã có trên ảnh đính kèm. ai cần tìm hiểu có thể cầm sổ đỏ po lên phòng quy hoạch UBND quận Liên Chiểu để hỏi về pháp lý. cảm ơn Chợ tốt đã đăng tin!', '01216309942', 95, 'Hoàng Thế Nam', '126 Điện Biên Phủ,Quận Thanh Khê,TP.Đà Nẵng', '2018-10-18');
INSERT INTO `product` VALUES (12, 5, 'Bán đất', 'Biệt Thự Sang Chảnh', 'images/bietthu1.jpg', 6.1, 'Cần vốn làm ăn nên mình nhượng lại ngôi nhà 3 mặt kiệt oto 65/30 Phạm Như Xương, Hoà Khánh Nam.\r\n\r\nVề pháp lý không vướng quy hoạch, thuộc khu số 1 Bắc Ga đã phê duyệt, lại nằm ngay vị trí có đường 5,5m lề 3m đi qua, nên tương lai sẽ là nhà mặt tiền. Thuận tiện kinh doanh buôn bán.\r\n\r\nVị trí nằm tại kiệt lớn 65 Phạm Như Xương, ngay khu sầm uất sinh viên các trường Sư Phạm, Bách Khoa, Kinh Tế kế hoạch..\r\n\r\ndt 67,7m2\r\n3 mặt kiệt lớn\r\nNhà có 3 căn đang cho thuê ổn định. quá tốt cho vợ ck trẻ vừa ở vừa kinh doanh buôn bán và đợi quy hoạch tuyến đường trong 2 năm nữa sẽ thi công.\r\n\r\nthông tin đã có trên ảnh đính kèm. ai cần tìm hiểu có thể cầm sổ đỏ po lên phòng quy hoạch UBND quận Liên Chiểu để hỏi về pháp lý. cảm ơn Chợ tốt đã đăng tin!', '01216309942', 95, 'Hoàng Thế Nam', '126 Điện Biên Phủ,Quận Thanh Khê,TP.Đà Nẵng', '2018-10-12');
INSERT INTO `product` VALUES (33, 3, 'Bán nhà mặt phố', 'mua bán quân hải châu , đà nẵng', 'images/86_1090.jpg', 8.7, 'nhà đẹp 2 tâng kiên cố', '0978458756', 120, 'lê anh hiếu', '120 lê lợi', '2018-10-16');
INSERT INTO `product` VALUES (34, 2, 'Bán nhà biệt thự,liền kề', 'can mua nha', 'images/3.jpg', 5, 'Cơ hội trở thành hàng xóm của Park Hang Seo\r\n\r\nNhà liền kề thiết kế chuẩn Châu Âu sang trọng \r\nCách trung tâm tp 5km . \r\nGần trung tâm hành chính Q. Liên Chiểu. trường ĐH, CĐ , trường cấp 1.2.3 , bệnh viện , chợ trong bán kính 1km ......\r\nCách biển 200m\r\n\r\nNhà mới xây dựng , 2 tầng , 2 tấm . \r\nGồm 2PN, 1 bếp , 2 toilet , 1 PT . Có sân sau phơi đồ, 1 nhà kho để đồ , sân trước để xe rộng rãi .\r\nKhu quân nhân ở nên an ninh tốt. \r\nHướng : ĐÔNG BẮC \r\nDT: 76m2\r\nDtsd : 130m2\r\nBề ngang : 5m \r\nChiều dài : 15.2m\r\n\r\nNhà 2 mặt tiền , đỗ oto thoải mái . vuông vức ko xiêu vẹo.khu dân cư sạch sẽ .yên tĩnh \r\nBao lấy sổ \r\nLhcc : 0762509746 tân', '0934754627', 75, 'ha tuan kiet', '126 dien bien phu,quan thanh khe,tp. da nang', '2018-12-10');
INSERT INTO `product` VALUES (35, 2, 'Bán nhà biệt thự,liền kề', 'can mua nha', 'images/3.jpg', 5, 'Cơ hội trở thành hàng xóm của Park Hang Seo\r\n\r\nNhà liền kề thiết kế chuẩn Châu Âu sang trọng \r\nCách trung tâm tp 5km . \r\nGần trung tâm hành chính Q. Liên Chiểu. trường ĐH, CĐ , trường cấp 1.2.3 , bệnh viện , chợ trong bán kính 1km ......\r\nCách biển 200m\r\n\r\nNhà mới xây dựng , 2 tầng , 2 tấm . \r\nGồm 2PN, 1 bếp , 2 toilet , 1 PT . Có sân sau phơi đồ, 1 nhà kho để đồ , sân trước để xe rộng rãi .\r\nKhu quân nhân ở nên an ninh tốt. \r\nHướng : ĐÔNG BẮC \r\nDT: 76m2\r\nDtsd : 130m2\r\nBề ngang : 5m \r\nChiều dài : 15.2m\r\n\r\nNhà 2 mặt tiền , đỗ oto thoải mái . vuông vức ko xiêu vẹo.khu dân cư sạch sẽ .yên tĩnh \r\nBao lấy sổ \r\nLhcc : 0762509746 tân', '0934754627', 75, 'ha tuan kiet', '126 dien bien phu,quan thanh khe,tp. da nang', '2018-12-10');
INSERT INTO `product` VALUES (36, 2, 'Bán nhà biệt thự,liền kề', 'can mua nha', 'images/3.jpg', 5, 'Cơ hội trở thành hàng xóm của Park Hang Seo\r\n\r\nNhà liền kề thiết kế chuẩn Châu Âu sang trọng \r\nCách trung tâm tp 5km . \r\nGần trung tâm hành chính Q. Liên Chiểu. trường ĐH, CĐ , trường cấp 1.2.3 , bệnh viện , chợ trong bán kính 1km ......\r\nCách biển 200m\r\n\r\nNhà mới xây dựng , 2 tầng , 2 tấm . \r\nGồm 2PN, 1 bếp , 2 toilet , 1 PT . Có sân sau phơi đồ, 1 nhà kho để đồ , sân trước để xe rộng rãi .\r\nKhu quân nhân ở nên an ninh tốt. \r\nHướng : ĐÔNG BẮC \r\nDT: 76m2\r\nDtsd : 130m2\r\nBề ngang : 5m \r\nChiều dài : 15.2m\r\n\r\nNhà 2 mặt tiền , đỗ oto thoải mái . vuông vức ko xiêu vẹo.khu dân cư sạch sẽ .yên tĩnh \r\nBao lấy sổ \r\nLhcc : 0762509746 tân', '0934754627', 75, 'ha tuan kiet', '126 dien bien phu,quan thanh khe,tp. da nang', '2018-12-10');
INSERT INTO `product` VALUES (37, 1, 'Bán Căn Hộ Chung Cư', 'can mua nha', 'images/1.jpg', 5, 'asdp[aldsp[asdlas[dpasldasdasdasdasdasdasdasdasdasdasasdassasadsadsadsd', '093474627', 75, 'ha tuan kiet', '126 dien bien phu,quan thanh khe,tp. da nang', '2018-12-10');
INSERT INTO `product` VALUES (38, 1, 'Bán Căn Hộ Chung Cư', 'can mua nha', 'images/1.jpg', 5, 'asdp[aldsp[asdlas[dpasldasdasdasdasdasdasdasdasdasdasasdassasadsadsadsd', '093474627', 75, 'ha tuan kiet', '126 dien bien phu,quan thanh khe,tp. da nang', '2018-12-10');

-- ----------------------------
-- Table structure for trangphongthuy
-- ----------------------------
DROP TABLE IF EXISTS `trangphongthuy`;
CREATE TABLE `trangphongthuy`  (
  `phongthuy_ID` int(255) NOT NULL,
  `phongthuy_Image` text CHARACTER SET utf8 COLLATE utf8_unicode_ci NULL,
  `phongthuy_tieude` text CHARACTER SET utf8 COLLATE utf8_unicode_ci NULL,
  `phongthuy_noidung` longtext CHARACTER SET utf8 COLLATE utf8_unicode_ci NULL,
  PRIMARY KEY (`phongthuy_ID`) USING BTREE
) ENGINE = InnoDB CHARACTER SET = utf8 COLLATE = utf8_unicode_ci ROW_FORMAT = Dynamic;

-- ----------------------------
-- Records of trangphongthuy
-- ----------------------------
INSERT INTO `trangphongthuy` VALUES (1, 'images/a.jpg', '\r\n\r\nNhà bất hợp lý khi gia chủ quá tin thầy phong thủy', 'Giường của chủ nhà ở Buôn Ma Thuột được kê chéo giữa phòng cho hợp tuổi, gia chủ ở Sài Gòn sợ ế chồng nên xây trần cao thêm gần 1m.\r\nNhiều người châu Á rất quan tâm tới phong thủy khi làm nhà. Một số gia chủ thuê thầy phong thủy cùng kiến trúc sư đưa ra các phương án kiến trúc. Nếu các bên thống nhất giải pháp hợp lý, công trình mới sẽ giúp cho các thành viên trong nhà được sống thoải mái, tiện nghi.\r\n\r\nTuy nhiên, có nhiều sự đối lập về quan niệm của các trường phái hoặc các thầy phong thủy thiếu kiến thức làm cho chủ nhà hoang mang, có người ngừng luôn việc làm nhà. Các kiến trúc sư gặp nhiều yêu cầu không có cơ sở khoa học.\r\n\r\nTrong 10 năm làm thiết kế nhà, tôi có cơ hội tiếp xúc nhiều khách hàng ở các thành phố của Việt Nam, một số người đến từ Trung Quốc, Nhật Bản, Singapore… Tôi từng gặp không ít trường hợp rắc rối do niềm tin quá mức vào phong thủy, dưới đây là vài ví dụ điển hình:\r\n\r\n1. Cột nằm giữa cửa chính\r\n\r\nChủ đầu tư một công trình ở Huế thuê thầy phong thủy hỗ trợ việc thiết kế. Thầy bố trí sẵn các vị trí ra vào, cửa chính đặt ở điểm giữa mặt tiền. Theo tính toán kết cấu, tôi đưa ra giải pháp có bốn cột ở mặt tiền. Thầy phong thủy không đồng ý vì số “bốn” đọc thành “tứ”, gần giống chữ “tử” (chết) nên thầy đề nghị thêm một cột. Tuy nhiên, nếu làm theo đề xuất này, một cột sẽ nằm giữa cửa chính. Bởi vậy, chủ nhà quyết định theo phương án bố trí bốn cột.\r\n\r\n2. Nhà vệ sinh nằm đầu hướng gió\r\n\r\nĐể hợp phong thủy, chủ nhà ở Cần Thơ cố định sẵn các vị trí nhà vệ sinh. Khi thiết kế, tôi phát hiện các phòng WC đều nằm đầu hướng gió nên đề nghị đổi vị trí. Tuy nhiên, chủ đầu tư nhất quyết không đồng ý. Khi công trình đi vào sử dụng, mùi hôi bay khắp nơi, gây cảm giác khó chịu cho những người sinh hoạt ở đây.\r\n\r\n3. Giường kê chéo để hợp hướng\r\n\r\nSau khi xem tuổi xây nhà, gia chủ ở Buôn Ma Thuột đề nghị quay giường hướng đông nam. Trong khi đó, ngôi nhà dạng liền kề, mặt tiền hướng đông. Bởi vậy, để phòng ngủ vuông vắn, cuối cùng, chiếc giường phải xoay 45 độ, chéo giữa phòng khiến việc nằm ngủ không thuận tự nhiên, đồ đạc cũng khó bố trí.\r\n\r\n4. WC dưới gầm cầu thang làm bẩn cả nhà\r\n\r\nKhi thiết kế một ngôi nhà nhỏ ở TP HCM, tôi buộc phải đặt WC ở gầm cầu thang tầng một để tiết kiệm diện tích. Tuy nhiên, thầy phong thủy cho rằng, khi đi lên cầu thang, chủ nhà sẽ “giẫm” phải chất thải và làm bẩn khắp nhà. Tôi nói: “WC chỉ là vị trí trung gian để vận chuyển chất thải đến hầm. Trong khi đó, thầy đã bố trí hầm phân ngay dưới sàn phòng khách, trước cửa chính”. Nghe lời giải thích này, cả thầy phong thủy và chủ nhà đều không phản đối phương án WC dưới cầu thang nữa.\r\n\r\n5. Xây thêm 3 tầng cho hợp tuổi\r\n\r\nDù gia đình không đông người nhưng chủ nhà vẫn quyết định xây 6 tầng. Trước đó, họ đi xem phong thủy nhà và được khuyên: “Tuổi của anh chị kỵ các số 3, 4, 5 nên muốn làm ăn được phải xây đúng 6 tầng”. Dù tôi được hưởng lợi vì tiền thiết kế tăng gấp đôi nhưng cũng áy náy vì nhà xây xong, bỏ không nhiều tầng, gây lãng phí.\r\n\r\n6. Xây trần cao để không bị ế chồng\r\n\r\nChủ ngôi nhà trong hẻm ở quận 3 (TP HCM) là phụ nữ độc thân, 35 tuổi. Theo thiết kế, chiều cao tầng một là 3,9m nhưng thầy phong thủy bắt buộc làm 4,75m bởi “Nếu không làm như vậy, chủ nhà sẽ cô đơn cả đời”. Dù tôi giải thích nếu làm trần quá cao, cầu thang sẽ tốn nhiều diện tích nhưng chủ nhà vẫn không nghe vì hy vọng gặp may trong tình duyên.\r\n\r\nKTS Phạm Thanh Truyền');
INSERT INTO `trangphongthuy` VALUES (2, 'images/a.jpg', '[Bất động sản đà nẵng] Hóa giải sáu lỗi phong thủy của nhà ở', 'Phong thủy nhà ở giữ vai trò quan trọng cho sự nghiệp, tài vận của gia chủ, các thành viên trong gia đình, bố trí phong thủy nhà ở hợp lí sẽ giúp cải thiện cuộc sống. Tuy nhiên, những yếu tố xung quanh ngôi nhà cũng mang lại tác động tiêu cực cho phong thủy, sau đây là 6 lỗi phong thủy cần phải hóa giải theo các chuyên gia phong thủy nhà ở.\r\n\r\n\r\nHóa giải 6 lỗi phong thủy cho nhà ở\r\n1. Trong phong thủy nhà ở thấp hơn mặt đường là tối kỵ\r\n\r\n\r\nPhong thủy nhà ở khi mặt đường cao hơn so với nhà ở, từ trong nhà nhìn thẳng ra cửa chính như bị trở ngại của bức tường chắn, khiến cuộc sống gia chủ sẽ hay gặp chướng ngại ngăn cản. Theo người Trung Quốc, nơi ở thấp hơn mặt đất chỉ dành cho người chết, do đó đây là một điều kiêng kỵ trong phong thủy nhà ở.\r\n\r\nTheo chuyên gia phong thủy nhà ở, chủ nhà cần nâng năng lượng của ngôi nhà bằng cách giữa cho cửa phía trước luôn sáng sủa nhất. Nếu có thể, gia chủ nên suy nghĩ lựa chọn một ngôi nhà tốt hơn.\r\n\r\n2. Phong thủy nhà ngã ba như phạm mũi tên độc\r\nPhong thủy nhà ở quan niệm đường đâm thẳng vào nhà tạo nên mũi tên độc trước của nhà. Với những ngôi nhà có phong thủy nhà ngã 3 quay ra hướng Đông, sẽ gây hại cho đứa con trai lớn, các mối quan hệ gia đình. Nếu nhà hướng về phía Tây Nam, thành viên trong gia đình thường xuyên gặp tai nạn hoặc ảnh hưởng xấu đến người phụ nữa trong gia đình.\r\n\r\n\r\n\r\nCách hóa giải nhà ngã ba của lỗi phong thủy nhà ở nhà do ảnh hưởng của đường đâm thẳng vào nhà được các chuyên gia gợi ý như sau\r\n\r\nKhi mua nhà, người mua nên tránh chọn mua nhà ở ngã ba. Trong trường hợp xây nhà, không nên đặt của chính hướng trực diện với con đường.\r\nĐối với trường hợp bất khả kháng, gia chủ nên treo gương bát quái lồi trước cửa nhà để giảm bớt luồng khí độc xông thẳng vào nhà.\r\n3. Nhà ở có bếp đặt ở hướng Tây Bắc\r\nTheo người xưa quan niệm, người đàn ông là trụ cột trong gia đình. Vị trí đại diện trụ cột nằm ở góc Tây Bắc. Tuy nhiên, nếu đặt bếp ở hướng Tây Bắc, góc này sẽ bị ảnh hưởng bởi ngọn lửa sẽ gây ra bất lợi cho người đàn ông như bị tai nạn, bệnh tật, mất việc hoặc phá sản.\r\n\r\n\r\n\r\nĐây là lỗi bố trí không gian căn nhà trong phong thủy nhà ở, các chuyên gia khuyên rằng:\r\n\r\nGia chủ nên kiểm tra thiết kế ngôi nhà, chủ nhà chọn mua hoặc xây nhà nên kiểm tra kĩ bản thiết kế nhà ở, các hướng đặt không gian trong nhà tránh những lỗi phong thủy về không gian.\r\nNhững gia đình đã đặt bếp ở hướng này, nên tránh dùng bếp gas vì đó là ngọn lửa thật, có thể sử dụng bếp điện để hạn chế ảnh hưởng của ngọn lửa.\r\n4. Phong thủy xấu do dốc phía sau nhà ở\r\nPhong thủy nhà ở đề cao nhà có vị trí dựa núi, biểu tưởng chống lưng cho gia chủ, tạo sự hỗ trợ vững vàng tiến về phía trước. Người xưa có câu “có người chống lưng” chính là như vậy. Tuy nhiên, nếu sau nhà là con dốc thì chủ nhà đang dần tuột khỏi sự giúp đỡ của quý nhân, những nguồn năng lượng dồi dào cũng nhanh chống trượt ra đằng sau khiến tài chính khó tích lũy, công việc, các mối quan hệ cũng sẽ giảm sút.\r\n\r\n\r\n\r\nTheo chuyên gia phong thủy gợi ý, gia chủ có thể tham khảo hóa giải lỗi phong thủy này bằng các cách sau:\r\n\r\nChủ nhà nên tạo dựng vật cản để ngăn những luồn năng lượng chạy ra khỏi nhà. Tốt nhất là nên dựng hàng rào, để có thể giữ lại được những luồng khí tốt\r\nTrồng hàng cây hoặc lắp thêm đèn ở mặt sau ngôi nhà sẽ tạo sự sáng sủa, sức sống thiên nhiên, trong lành thu hút thêm các nguồn năng lượng.\r\n5. Nhà ở trên đất thóp hậu\r\nTheo quan niệm phong thủy nhà ở, nhà xây dựng trên đất nở hậu giúp trữ nhiều tiền bạc thì đất thóp hậu như chiếc phễu lớn làm tuôn hết năng lượng tốt, về lâu về dai thường không tốt, không bền vững. Chủ nhà cũng sẽ khó khăn trong việc xây dựng, bài trí nội thất.\r\n\r\nCách hóa giả lỗi phong thủy nhà ở này cũng giống trường hợp có dốc phía sau nhà, gia chủ có thể xây thường hoặc hàng rào để giữ lại các luồng khí tốt.\r\n\r\n6. Phong thủy nhà ở: tránh đặt gường đối diện phòng tắm\r\nPhong thủy nhà ở đề cao việc đặt không gian phòng ngủ, nhất là vị trí gường nằm, tránh đặt đối diện phòng tấm, gia chủ sẽ hấp thụ nguồn năng lượng tiêu cực gây ra các bệnh về cơ bắp, xương khớp, tiền bạc bị thất thoát.\r\n\r\nLỗi phong thủy nhà ở do bố trí không gian trong nhà, được chuyên gia hướng dẫn hóa giải như sau:\r\n\r\nPhòng ngủ nên có độc lập, có trường bao quanh hoàn toàn, đóng cửa cách li với phòng tắm. Đồng thời giải di chuyển vị trí của giường nằm.\r\nChủ nhà khi mua hoặc xây nhà có thể tham khảo bản vẽ chi tiết để đưa ra những yêu cầu sữa đổi.\r\nPhong thủy nhà ở nếu được chú trọng sẽ mang lại sự thịnh vượng, sức khỏe, đặc biệt tạo nhiều thuận lợi hỗ trợ cho gia chủ trong sự nghiệp, cuộc sống gia đình. Cần chú trọng những yếu tố cơ bản, đưa ra những quyết định thay đổi bố trí nhà cửa theo phong thủy để tạo nên cuộc sống an lành cho gia chủ.');
INSERT INTO `trangphongthuy` VALUES (3, 'images/a.jpg', 'Cách giảm bớt vận hạn cho các con giáp trong năm Bính Thân (P3)', 'Bản chất mỗi vật trong vũ trụ đều mang đặc tính tương sinh tương khắc. Theo quan điểm truyền thống, những vật có lợi riêng cho một tuổi nào đó sẽ ược coi là “Linh vật” mang lại may mắn của tuối đó. Nếu đặt linh vật ở phương vị thích hợp sẽ giúp phát huy được tác dụng sinh vượng hoá sát đặc hữu của nó, rất có lợi trong việc cải thiện vận trình cả năm.\r\nTuổi Ngọ\r\nTuổi Ngọ năm nay sẽ có vận thế cả không được tốt lắm, tiền đồ có thể sẽ gặp rất nhiều trắc trở, đặc biệt là có nhiều nguy cơ gặp phải kẻ tiểu nhân gây chuyện thị phi, thậm chí gây ra tai hoạ bất ngờ. Do đó, tuổi Ngọ cần phải cố gắng tranh thủ sự ủng hộ của đồng nghiệp. Để hướng cát tránh hung, tuổi Ngọ có thể đặt một đôi Mã cẩu đồng tâm màu xanh lá cây ở hướng Đông, đây sẽ là linh vật sinh vượng cho tuổi Ngọ trong năm nay.\r\n\r\nChuyên gia phong thủy Tống Thiều Quang cho biết, Tuấn mã và Linh khuyển đều là những loại gia súc hết mực trung thành và là người bạn tốt, rất hữu ích của con người. Khi hai con vật này sóng đôi cùng nhau, chúng sẽ hợp thành biểu tượng mang ý nghĩa Mã Cẩu Đồng Tâm, đem lại may mắn cho tuổi Ngọ.\r\n\r\nNăm nay người tuổi Ngọ có 3 phương vị sinh vượng gồm hướng Đông, hướng Đông Nam và Tây Bắc. Nếu được, nên đặt giường ngủ, bàn làm việc và sofa ở 3 phương vị này trong nhà, hoặc ít nhất cũng nên tránh đặt tại các hướng Bắc và hướng Nam, để hợp với đạo tránh hung.\r\n\r\nMàu sắc sinh vượng của tuổi Ngọ năm nay gồm màu xanh lá cây, xanh lam và màu trắng. Nếu tuổi Ngọ biết lợi dụng những màu sắc này để bố trì phòng ốc, hoặc phối hợp quần áo phù hợp sẽ giúp ích lớn cho việc cải thiện vận trình cả năm. Ngoài ra, năm nay tuổi Ngọ cũng kỵ màu vàng và cam, nên hạn chế sử dụng.\r\n\r\nCon số sinh vượng của tuổi Ngọ trong năm 2016 là số 1 và số 9.\r\n\r\nphong thủy cho các con giáp\r\nBày linh vật phong thủy đúng phương vị sẽ giúp các con giáp giảm bớt vận hạn trong năm\r\nTuổi Mùi\r\nDù tài vận của người tuổi Mùi năm nay có khởi sắc hơn nhưng cũng vẫn bấp bênh, không ổn định, khi tốt lúc xấu, càng về cuối năm tài vận lại càng xuống thấp, do đó tuổi này cần phải cẩn thận, tránh để kẻ khác dòm ngó, tránh những rắc rối phát sinh trong công việc hoặc để tiểu nhân giở trò. Trong thời gian này, điều quan trọng nhất với tuổi Mùi vẫn là dũng cảm đối mặt với khó khăn, thử thách, tuyệt đối không được phép chùn bước, vì một khi lùi bước có thể bạn sẽ phải nhận hậu họa khôn lường, càng khó chống đỡ. Năm nay tài chính của tuổi Mùi dễ tụt dốc không phanh, vì thế không nên đầu tư làm ăn, lại càng phải tránh xa cờ bạc. Ngoài ra, tuổi này cũng cần thận trọng, tránh rơi vào vòng xoáy kim tiền. Dù sức khỏe trong năm khá tốt, nhưng rất dễ rước họa sát thân. Khi ra ngoài, cần cẩn trọng, tránh mạo hiểm.\r\n\r\nCho dù vận trình cả năm có được đại cát đại lợi hay không thì các con giáp cũng đều phải biết hướng cát tránh hung, để cho tuổi cát thì càng gặp cát, tuổi hung thì được tiêu trừ bớt tai họa.\r\n\r\nNăm nay tài vận của người tuổi Mùi chỉ ở mức bình thường, công việc lại gặp nhiều trắc trở, cần phải làm việc cẩn trọng. Ngoài ra, do có Bệnh Phù chiếu mệnh, nên tuổi Mùi có thể gặp nhiều vấn đề về sức khỏe, phải đề phòng bệnh tật xâm nhập.\r\n\r\nDo tài vận năm nay không tốt nên tuổi Mùi hãy đặt ở hướng Đông hoặc đầu giường một đôi Phúc Thọ Khang Ninh làm bằng đá đỏ cam để cầu an. Tương truyền, vào những đêm trăng sáng thường xuất hiện hình ảnh Thỏ ngọc giã thuốc trên cung trăng, đây đều là những loại tiên dược trường sinh bất lão. Theo người xưa, Phúc Thọ Khang Ninh là biểu tượng của sức khỏe bởi nó được làm từ tiên dược mà Thỏ ngọc đã giã. Từ đó, hình ảnh thỏ ngọc ngồi trong hồ lô đảo thuốc trở thành biểu tượng của sức khỏe, bách niên giai lão.\r\n\r\nTuổi Mùi nên đặt giường ngủ, bàn làm việc và sofa vào 3 hướng sinh vượng gồm Đông, Tây Nam và Đông Nam để cải thiện vận thế. Nếu không thể làm được như vậy thì ít nhất cũng nên kê 3 vật dụng quan trọng nhất tránh các hướng Bắc và Đông Bắc.\r\n\r\nCác màu sắc sinh vượng cho tuổi Mùi năm nay gồm có màu cam, màu vàng và màu đỏ. Nên tận dụng, bố trí sắp xếp những màu này trong phòng hoặc trong phối trang phục hàng ngày phù hợp để cải thiện vận trình cả năm. Đồng thời nên hạn chế sử dụng màu xám và màu xanh.\r\n\r\nCon số sinh vượng của tuổi Mùi năm nay là số 2 và số 8.\r\n\r\nTuổi Thân\r\nNăm nay là năm tuổi của người tuổi Thân, hơn nữa trong cung mệnh tuổi này lại có nhiều hung tinh nên vận thế rất dễ đi xuống, có nhiều trắc trở! Tuổi Thân năm nay dễ bị tiểu nhân gây thị phi, hơn nữa còn dễ mắc họa sát thân. Nếu muốn hướng cát tránh hung, tuổi này nên đặt một đôi Linh vật bảo hộ Tam hợp Bảo tuế bằng đá màu nâu ở hướng Tây trong nhà hoặc đầu giường. Cũng có thể mang theo bên mình Tam hợp Bảo tuế bằng đá màu vàng sẽ phát huy hiệu quả tốt hơn.\r\n\r\nTam Hợp Bảo Tuế là bộ ba linh vật gồm hầu, thử, long, phù hợp với ý tam hợp của các tuổi Thân, Tý, Thìn, hợp mà không xung, giúp hóa giải tà ma. Linh Thử nằm yên tĩnh trên thân Bàn Long, và nằm gọn trong vòng tay của Linh Hầu, là biểu tượng của sự hòa hợp yên vui, một không khí cát hòa.\r\n\r\nNgười tuổi Thân năm nay có 3 hướng vượng cát gồm Tây, Đông Nam và Tây Bắc, nếu có thể, người Tuổi Thân nên đặt giường ngủ, bàn làm việc và sofa ở 3 hướng trên trong phòng để cải thiện vận trình của cả năm. Nếu không thể thay đổi được vị trí, chí ít cũng nên đặt 3 đồ quan trọng này tránh các hướng Đông Bắc và hướng Nam.\r\n\r\nNhững màu sắc mang lại may mắn cho người tuổi Thân năm nay gồm màu đỏ, vàng và tím; nếu biết tận dụng những màu sắc này để trang trí phòng ở, hoặc phối trang phục sẽ rất có lợi trong việc cải thiện vận trình cả năm! Bên cạnh đó, tuổi Thân cũng nên hạn chế dùng các màu xanh lục và màu xanh lam. Con số sinh vượng cho tuổi Thân năm nay là là số 6 và 7.\r\n\r\nLưu ý:\r\n\r\nLinh vật phong thủy thường được khắc bằng đá tự nhiên nên sẽ có vân tự nhiên trên thân chứ không phải vết rạn! Nhưng nếu sau khi bày một thời gian mà đột nhiên linh vật bị vỡ chứng tỏ nó đã gánh họa cho chủ nhà, công hiệu vốn có của nó không còn nữa, nên nhanh chóng thay cái khác.\r\n\r\nNgoài ra, những phương vị hướng cát tránh hung trên đây đều được đúc kết từ người xưa cho từng con giáp cụ thể, không liên quan gì đến các con giáp khác, cần tránh nhầm lẫn.\r\n\r\n(Theo Vnmedia)');
INSERT INTO `trangphongthuy` VALUES (4, 'images/a.jpg', 'Cách giảm bớt vận hạn cho các con giáp trong năm Bính Thân (P2)', 'ổi Mão:\r\nNăm nay người tuổi Mão có sao may mắn chiếu mệnh, vận thế thịnh vượng, nhưng tuổi này phải nhẫn nại thì mới có thể giải trừ hết trở ngại vây quanh, thu về cả danh lẫn lợi! Nhờ có sao tài lộc cao chiếu nên tiền tài thu vào no đủ, nhưng tuổi Mão cũng chớ tham. Nếu muốn xu cát tịnh hung, tuổi này nên bày một đôi Phượng Hoàng Đắc Bảo màu vàng trong nhà hoặc trên bàn làm việc, đầu giường ngủ sẽ thêm thịnh vượng. Linh vật này nên đặt ở hướng Đông sẽ có lợi hơn. Nếu tuổi Mão mang bên mình một miếng đá màu vàng có khắc chữ Phượng Hoàng Đắc Bảo làm bùa hộ mệnh thì công hiệu lại càng nhanh và rõ rệt hơn.\r\n\r\ntượng phượng hoàng\r\nTượng phượng hoàng được cho là bảo bối mang lại may mắn\r\nPhượng Hoàng là một trong tứ linh cùng với Long, Quy, Kỳ Lân, tức là loài vật có linh khí, chim thú quý hiếm, là biểu tượng của may mắn! Nguyên bảo là bảo vật cổ đại tượng trưng cho phú quý. Người xưa có câu Hoàng Hoàng Vô Bảo Bất Lạc (Phượng hoàng xuất hiện, tài lộc đến nhà), do đó tượng Phượng Hoàng nằm trên nguyên bảo được cho là đem đến phú quý cát tường!\r\n\r\nTrong năm nay, tuổi Mão sẽ nhận được thịnh vượng và may mắn ở các hướng Đông, Tây Bắc và Tây Nam. Do đó, tuổi này nên bài trí giường, bàn làm việc hay bàn ghế theo các hướng tốt này để đón may mắn và giúp cải thiện vận trình trong năm.\r\n\r\nNếu không thể bài trí được như trên thì những đồ đạc quan trọng trong nhà cũng nên tránh các hướng xấu là Tây và Nam.\r\n\r\nNăm nay, những màu sắc sinh vượng với tuổi Mão gồm có màu vàng, màu tím và đỏ; nếu biết vận dụng đúng màu sắc này vào việc trang trí phòng ốc hoặc ăn mặc thì sẽ rất có ích cho việc cải thiện vận trình cả năm. Tuổi Mão năm nay kỵ các màu xám và màu đen, nếu được nên hạn chế sử dụng. Con số cát với tuổi này là số 4 và số 9.\r\n\r\nTuổi Thìn:\r\nNăm nay tuổi Thìn bị nhiều hung tinh chiếu mệnh nhưng lại không có cát tinh hóa giải, do đó vận thế lúc thăng lúc trầm, phải cẩn trọng, không được khinh suất! Hơn nữa tuổi này lại luôn cô lập một mình, nên rất cần có sự giúp đỡ bên ngoài mới có thể hóa giải điềm hung! Để hướng cát tránh hung, tuổi Thìn nên bày đôi Linh vật Long Phượng Trình Tường bằng đá màu nâu đỏ ở hướng Tây sẽ nhận được may mắn cho vận trình của năm. Tốt hơn nữa nên đeo vòng đá Long Phượng Trình Tường màu vàng bên người làm bùa hộ mệnh.\r\n\r\nLong và Phượng đều thuộc tứ linh là những con vật mang lại may mắn. Người xưa coi Long và Phượng là tượng trưng cho vua và hoàng hậu, có vị trí rất tôn quý! Chữ “Tường” được tổ thành từ chữ “ Dương” (con dê), do đó “Dương” cũng trở thành biểu tượng của sự may mắn. Rồng và Phượng kết hợp cùng với Dương (con dê) là 3 con vật may mắn được nhắc đến trong Long Phượng Trình Tường.\r\n\r\nTuổi Thìn năm nay có 3 phương vị có thể sinh vượng gồm hướng Tây, Đông Nam và Tây Nam; các đồ đạc trong phòng như giường ngủ, bàn làm việc, ghế ngồi nếu được kê ở những phương vị này sẽ rất hợp phong thủy đồng thời giúp cải thiện vận trình của năm nay. Nếu được, hãy cố gắng kê các đồ vật quan trọng kể trên tránh các hướng Tây Bắc và Bắc.\r\n\r\nMàu sắc hợp với người tuổi Thìn năm nay gồm đỏ, cam và trắng; nên dùng những màu này trong việc trang trí nhà cửa và phối hợp quần áo để cải thiện vận trình cả năm và tránh dùng các màu xanh lá cây, xám.\r\n\r\nCon số may mắn của người tuổi Thìn năm nay gồm số 5 và số 7.\r\n\r\nTuổi Tỵ:\r\nNgười tuổi Tỵ sẽ đón một năm vận thế hưng vượng, đại cát đại lợi! Công việc có những tiến triển tốt, công thành danh toại, nhờ có tài tinh cao chiếu nên tiền vào như nước, nhưng đáng tiếc sức khỏe tuổi này lại thất thường nên phải đặc biệt chú ý bảo vệ thân thể. Nếu muốn hướng cát tránh hung, tuổi Tỵ có thể đặt ở đầu giường một đôi Ngư Quy Tranh Huy có màu nâu xám làm linh vật may mắn.\r\n\r\nTrong Hán tự, cá chép gần âm với từ “dư lợi”, hơn nữa đây là loài vật có sức sống dồi dào nên được mọi người vô cùng yêu thích! Còn Rùa là một trong tứ linh, biết cách hướng cát tránh hung, ngoài ra còn là con vật khỏe mạnh và trường thọ nên cũng rất được ưa chuộng. Hình ảnh cá chép và linh quy cùng nhảy lên trên ngọn sóng xanh biếc để tranh đoạt Minh Châu trên đá nham thạch chính là biểu tượng linh vật cát tường Ngư Quy Tranh Huy.\r\n\r\nBa hướng cát sinh vượng với người tuổi Tỵ năm nay gồm hướng Tây, Đông và Tây Nam; do đó nên đặt giường ngủ, bàn làm việc và sofa ở 3 hướng này sẽ có lợi cho việc cải thiện vận trình cả năm hoặc ít nhất cũng tránh đặt 3 vật quan trọng trong nhà ở hướng Tây Bắc và Nam.\r\n\r\nMàu sắc sinh vượng của tuổi Tỵ trong năm nay là màu xám, xanh lam và đen; nên tận dụng hợp lý những màu sắc này để trang trí nhà cửa hoặc phối trang phục để cải thiện vận trình cả năm và tránh các màu đỏ và tím.\r\n\r\nCon số sinh vượng với người tuổi Tỵ năm nay là số 6 và 8.\r\n\r\n(Theo Vnmedia)');
INSERT INTO `trangphongthuy` VALUES (5, 'images/a.jpg', 'Cách giảm bớt vận hạn cho các con giáp trong năm Bính Thân (P1)', 'Dưới đây là một số gợi ý của chuyên gia phong thủy Tống Thiều Quang giúp các con giáp giảm bớt vận hạn trong năm mới Bính Thân 2016.\r\n1. Tuổi Tý:\r\nNăm nay người tuổi Tý có vận thế khá khởi sắc, đây chính là cơ hội tốt để phát triển cơ đồ, có thể một bước lên mây. Tuy nhiên điều đáng tiếc là sức khỏe tuổi Tý chỉ bình bình, dễ mắc bệnh truyền nhiễm, do đó phải chú ý ăn uống hợp vệ sinh. Nên đặt ở hướng Tây một đôi kỳ lân ngậm cỏ linh chi màu nâu để sinh vượng, lấy cát tránh hung. Đặc biệt, nếu người tuổi Tý mang thêm bên mình một miếng đá màu vàng hình đôi Kỳ Lân Ngậm Linh Chi làm bùa hộ thân thì công hiệu lại càng nhanh và linh nghiệm.\r\n\r\ntượng kỳ lân\r\nTượng Kỳ lân ngậm linh chi giúp hóa giải vận hạn cho tuổi Tý năm Bính Thân\r\nTrong năm nay, người tuổi Tý có 3 hướng cát sinh vượng gồm hướng Tây, hướng Đông Nam và Tây Nam. Nếu kê được đầu giường, bàn làm việc hoặc sô pha vào ba hướng này thì càng tốt, vì sẽ hợp với đạo hướng cát theo phong thủy năm 2016 của tuổi Tý, mang lại nhiều lợi ích cho việc cải thiện vận trình cả năm. Trường hợp không thay đổi được vị trí cũng nên kê ba thứ quan trọng nêu trên cũng không nên kê vào các hướng Nam và Bắc nhằm tránh hung.\r\n\r\nBa màu sắc gồm đỏ, vàng và tím sẽ giúp sinh vượng cho người tuổi Tý. Những ai tuổi Tý biết dùng những màu sắc này vào việc ăn mặc hoặc bố trí phòng ốc sẽ rất có ích cho việc cải thiện vận trình cả năm. Tuổi Tý năm nay sẽ kỵ các màu như xanh lục và đen, tốt nhất nên tránh sử dụng hai màu này. Con số sinh vượng của con giáp này trong năm 2016 là số 1 và số 6.\r\n\r\n2. Tuổi Sửu:\r\nNhững ai tuổi Sửu năm nay nên bày đôi Linh vật bằng ngọc màu xanh ngọc với ý nghĩa “Lục Lục Vô Cùng” ở phía Đông Nam, hoặc cạnh bàn làm việc. Dân gian thường có câu“ Tam tam bất tận, lục lục vô cùng”, trong đó “lục” là âm đọc chỉ số 6, đồng âm với cách đọc từ “con nai” trong tiếng Hán, do đó khi bày đôi nai sẽ có ý nghĩa về sự may mắn. Ngoài ra, âm Hán Việt của con nai cũng trùng âm đọc với chữ “ lộc” nên đôi nai còn có thêm ý nghĩa là “công danh lợi lộc”. Năm nay tuổi Sửu sẽ có vận trình đại cát đại lợi, công việc tốt đẹp, nhận được sự hỗ trợ và có nhiều đột phá! Tuy nhiên tuổi này cũng cần đề phòng tiểu nhân cản đường. Để hướng cát tránh hung, tuổi Sửu nên đặt cặp “lục lục vô cùng” màu xanh ngọc ở phía Đông Nam.\r\n\r\nPhương vị Cát năm nay của tuổi Sửu là ở hướng Đông Nam, hãy lắp giường, đặt bàn làm việc hoặc bàn ghế ở phương vị này để phù hợp phong thủy của năm, đồng thời giúp cải thiện vận trình năm nay. Các hướng nên tránh gồm Tây Nam và Đông Bắc, các đồ đạc quan trọng nên tránh đặt ở hướng này để tránh hung.\r\n\r\nMàu sắc hợp với người tuổi Sửu năm là màu xanh lá cây, xám, và xanh da trời, nên dùng những màu này để trang trí phòng ốc, phối quần áo để cải thiện vận trình cả năm của mình, đồng thời tránh dùng màu đỏ và cam. Con số may mắn năm nay của con giáp này là số 2 và số 8.\r\n\r\n3. Tuổi Dần:\r\nĐể hóa sát, những ai tuổi Dần nên đặt một đôi “Dần Hợi Cát Tường” bằng đá màu vàng kim trong nhà hoặc trên bàn làm việc. Cặp đôi hổ uy nghiêm oai phong leo lên bức tường thành và lợn với vẻ mặt vui vẻ nằm trên cao mang ý nghĩa vạn sự như ý. Theo thuật học, Dần và Hợi là hai con giáp trong lục hợp, hai con vật này rất hợp nhau, không hề tương khắc. Ngoài ra, chữ “tường” trong từ bức tường thành cũng đồng âm với chữ “tường” trong từ cát tường, do đó tượng hai con vật này được cho là sẽ đem lại nhiều may mắn. Năm nay, tuổi Dần bị phạm thái tuế, vận hạn gập ghềnh nên phải từng bước hóa giải. Công việc không tiến triển nhiều, có thể con bị đình trệ, thậm chí gặp nhiều tiểu nhân và chuyện thị phi, nên tuổi Dần nếu lơ là một chút là có thể bị rơi vào tình trạng làm không công. Để hướng cát tránh hung, tuổi Dần nên đặt một đôi hổ và lợn màu vàng kim làm linh vật bảo vệ.\r\n\r\nBa hướng tốt với tuổi Dần năm nay gồm hướng Đông, hướng Tây Bắc và hướng Tây. Nếu đặt được giường ngủ, bàn làm việc và ghế sofa theo đúng hướng này sẽ rất tốt cho tuổi Dần cũng như có lợi cho việc cải thiện vận mệnh trong năm nay.\r\n\r\nNếu không thể làm được như trên, tuổi Dần cũng nên đặt giường ngủ, bàn làm việc và ghế sofa tránh các hướng xấu là Tây Nam và Nam. Màu sắc may mắn của người tuổi Dần năm nay gồm vàng, đỏ và tím. Nên sử dụng những màu này để trang trí phòng ở hoặc phối đồ quần áo để nhận được ảnh hưởng tốt đến cuộc sống năm nay. Các màu kỵ với tuổi Dần năm nay gồm màu xanh da trời, xanh lục, còn con số may mắn của con giáp này là số 3 và số 5.\r\n\r\nChuyên gia Phong thủy Tống Thiều Quang\r\n(Theo Vnmedia)');

-- ----------------------------
-- Table structure for users
-- ----------------------------
DROP TABLE IF EXISTS `users`;
CREATE TABLE `users`  (
  `stt` bigint(20) NOT NULL AUTO_INCREMENT,
  `hovaten` text CHARACTER SET utf8 COLLATE utf8_unicode_ci NULL,
  `user_Name` text CHARACTER SET utf8 COLLATE utf8_unicode_ci NULL,
  `user_Pass` text CHARACTER SET utf8 COLLATE utf8_unicode_ci NULL,
  `user_Email` text CHARACTER SET utf8 COLLATE utf8_unicode_ci NULL,
  `user_diachi` text CHARACTER SET utf8 COLLATE utf8_unicode_ci NULL,
  `user_sdt` text CHARACTER SET utf8 COLLATE utf8_unicode_ci NULL,
  `user_role` int(255) NULL DEFAULT NULL,
  `user_kichhoat` int(255) NOT NULL,
  `user_code` text CHARACTER SET utf8 COLLATE utf8_unicode_ci NOT NULL,
  PRIMARY KEY (`stt`, `user_kichhoat`) USING BTREE
) ENGINE = InnoDB AUTO_INCREMENT = 1544693423615 CHARACTER SET = utf8 COLLATE = utf8_unicode_ci ROW_FORMAT = Dynamic;

-- ----------------------------
-- Records of users
-- ----------------------------
INSERT INTO `users` VALUES (1, 'Hà Tuấn Kiệt', 'hakiet', '123', 'naruto@gmail.com', NULL, NULL, 0, 1, '');
INSERT INTO `users` VALUES (2, 'Lê Anh Hiếu', 'leanhhieu', '456', 'Leanhhieu2210@gmail.com', NULL, NULL, 0, 1, '');
INSERT INTO `users` VALUES (3, 'Huỳnh Đức Hóa', 'duchoa', '789', 'huynhduchoa@gmail.com', NULL, NULL, 0, 1, '');
INSERT INTO `users` VALUES (4, 'Bủm Bủm', 'bebibo', 'bumbum123', 'bumbum@yahoo.com', '126 Điện Biên Phủ', '01216309942', 1, 1, '');
INSERT INTO `users` VALUES (1544693423614, 'hà tuấn kiệt', 'sasuno23', 'Hatuankiet123!', 'kiethao112@gmail.com', '126 dien bien phu', '0934754627', 0, 1, '25075ea5-34d8-4d6e-91d0-4a5bedc9feb5');

-- ----------------------------
-- Table structure for xaydung_kientruc
-- ----------------------------
DROP TABLE IF EXISTS `xaydung_kientruc`;
CREATE TABLE `xaydung_kientruc`  (
  `xaydung_kientruc_ID` int(11) NOT NULL,
  `xaydung_kientruc_Image` text CHARACTER SET utf8 COLLATE utf8_unicode_ci NULL,
  `xaydung_kientruc_tieude` text CHARACTER SET utf8 COLLATE utf8_unicode_ci NULL,
  `xaydung_kientruc_noidung` text CHARACTER SET utf8 COLLATE utf8_unicode_ci NULL,
  PRIMARY KEY (`xaydung_kientruc_ID`) USING BTREE
) ENGINE = InnoDB CHARACTER SET = utf8 COLLATE = utf8_unicode_ci ROW_FORMAT = Dynamic;

-- ----------------------------
-- Records of xaydung_kientruc
-- ----------------------------
INSERT INTO `xaydung_kientruc` VALUES (1, 'images/a.jpg', '\r\n\r\nNhà bất hợp lý khi gia chủ quá tin thầy phong thủy', 'Giường của chủ nhà ở Buôn Ma Thuột được kê chéo giữa phòng cho hợp tuổi, gia chủ ở Sài Gòn sợ ế chồng nên xây trần cao thêm gần 1m.\r\nNhiều người châu Á rất quan tâm tới phong thủy khi làm nhà. Một số gia chủ thuê thầy phong thủy cùng kiến trúc sư đưa ra các phương án kiến trúc. Nếu các bên thống nhất giải pháp hợp lý, công trình mới sẽ giúp cho các thành viên trong nhà được sống thoải mái, tiện nghi.\r\n\r\nTuy nhiên, có nhiều sự đối lập về quan niệm của các trường phái hoặc các thầy phong thủy thiếu kiến thức làm cho chủ nhà hoang mang, có người ngừng luôn việc làm nhà. Các kiến trúc sư gặp nhiều yêu cầu không có cơ sở khoa học.\r\n\r\nTrong 10 năm làm thiết kế nhà, tôi có cơ hội tiếp xúc nhiều khách hàng ở các thành phố của Việt Nam, một số người đến từ Trung Quốc, Nhật Bản, Singapore… Tôi từng gặp không ít trường hợp rắc rối do niềm tin quá mức vào phong thủy, dưới đây là vài ví dụ điển hình:\r\n\r\n1. Cột nằm giữa cửa chính\r\n\r\nChủ đầu tư một công trình ở Huế thuê thầy phong thủy hỗ trợ việc thiết kế. Thầy bố trí sẵn các vị trí ra vào, cửa chính đặt ở điểm giữa mặt tiền. Theo tính toán kết cấu, tôi đưa ra giải pháp có bốn cột ở mặt tiền. Thầy phong thủy không đồng ý vì số “bốn” đọc thành “tứ”, gần giống chữ “tử” (chết) nên thầy đề nghị thêm một cột. Tuy nhiên, nếu làm theo đề xuất này, một cột sẽ nằm giữa cửa chính. Bởi vậy, chủ nhà quyết định theo phương án bố trí bốn cột.\r\n\r\n2. Nhà vệ sinh nằm đầu hướng gió\r\n\r\nĐể hợp phong thủy, chủ nhà ở Cần Thơ cố định sẵn các vị trí nhà vệ sinh. Khi thiết kế, tôi phát hiện các phòng WC đều nằm đầu hướng gió nên đề nghị đổi vị trí. Tuy nhiên, chủ đầu tư nhất quyết không đồng ý. Khi công trình đi vào sử dụng, mùi hôi bay khắp nơi, gây cảm giác khó chịu cho những người sinh hoạt ở đây.\r\n\r\n3. Giường kê chéo để hợp hướng\r\n\r\nSau khi xem tuổi xây nhà, gia chủ ở Buôn Ma Thuột đề nghị quay giường hướng đông nam. Trong khi đó, ngôi nhà dạng liền kề, mặt tiền hướng đông. Bởi vậy, để phòng ngủ vuông vắn, cuối cùng, chiếc giường phải xoay 45 độ, chéo giữa phòng khiến việc nằm ngủ không thuận tự nhiên, đồ đạc cũng khó bố trí.\r\n\r\n4. WC dưới gầm cầu thang làm bẩn cả nhà\r\n\r\nKhi thiết kế một ngôi nhà nhỏ ở TP HCM, tôi buộc phải đặt WC ở gầm cầu thang tầng một để tiết kiệm diện tích. Tuy nhiên, thầy phong thủy cho rằng, khi đi lên cầu thang, chủ nhà sẽ “giẫm” phải chất thải và làm bẩn khắp nhà. Tôi nói: “WC chỉ là vị trí trung gian để vận chuyển chất thải đến hầm. Trong khi đó, thầy đã bố trí hầm phân ngay dưới sàn phòng khách, trước cửa chính”. Nghe lời giải thích này, cả thầy phong thủy và chủ nhà đều không phản đối phương án WC dưới cầu thang nữa.\r\n\r\n5. Xây thêm 3 tầng cho hợp tuổi\r\n\r\nDù gia đình không đông người nhưng chủ nhà vẫn quyết định xây 6 tầng. Trước đó, họ đi xem phong thủy nhà và được khuyên: “Tuổi của anh chị kỵ các số 3, 4, 5 nên muốn làm ăn được phải xây đúng 6 tầng”. Dù tôi được hưởng lợi vì tiền thiết kế tăng gấp đôi nhưng cũng áy náy vì nhà xây xong, bỏ không nhiều tầng, gây lãng phí.\r\n\r\n6. Xây trần cao để không bị ế chồng\r\n\r\nChủ ngôi nhà trong hẻm ở quận 3 (TP HCM) là phụ nữ độc thân, 35 tuổi. Theo thiết kế, chiều cao tầng một là 3,9m nhưng thầy phong thủy bắt buộc làm 4,75m bởi “Nếu không làm như vậy, chủ nhà sẽ cô đơn cả đời”. Dù tôi giải thích nếu làm trần quá cao, cầu thang sẽ tốn nhiều diện tích nhưng chủ nhà vẫn không nghe vì hy vọng gặp may trong tình duyên.\r\n\r\nKTS Phạm Thanh Truyền');
INSERT INTO `xaydung_kientruc` VALUES (2, 'images/a.jpg', '[Bất động sản đà nẵng] Hóa giải sáu lỗi phong thủy của nhà ở', 'Phong thủy nhà ở giữ vai trò quan trọng cho sự nghiệp, tài vận của gia chủ, các thành viên trong gia đình, bố trí phong thủy nhà ở hợp lí sẽ giúp cải thiện cuộc sống. Tuy nhiên, những yếu tố xung quanh ngôi nhà cũng mang lại tác động tiêu cực cho phong thủy, sau đây là 6 lỗi phong thủy cần phải hóa giải theo các chuyên gia phong thủy nhà ở.\r\n\r\n\r\nHóa giải 6 lỗi phong thủy cho nhà ở\r\n1. Trong phong thủy nhà ở thấp hơn mặt đường là tối kỵ\r\n\r\n\r\nPhong thủy nhà ở khi mặt đường cao hơn so với nhà ở, từ trong nhà nhìn thẳng ra cửa chính như bị trở ngại của bức tường chắn, khiến cuộc sống gia chủ sẽ hay gặp chướng ngại ngăn cản. Theo người Trung Quốc, nơi ở thấp hơn mặt đất chỉ dành cho người chết, do đó đây là một điều kiêng kỵ trong phong thủy nhà ở.\r\n\r\nTheo chuyên gia phong thủy nhà ở, chủ nhà cần nâng năng lượng của ngôi nhà bằng cách giữa cho cửa phía trước luôn sáng sủa nhất. Nếu có thể, gia chủ nên suy nghĩ lựa chọn một ngôi nhà tốt hơn.\r\n\r\n2. Phong thủy nhà ngã ba như phạm mũi tên độc\r\nPhong thủy nhà ở quan niệm đường đâm thẳng vào nhà tạo nên mũi tên độc trước của nhà. Với những ngôi nhà có phong thủy nhà ngã 3 quay ra hướng Đông, sẽ gây hại cho đứa con trai lớn, các mối quan hệ gia đình. Nếu nhà hướng về phía Tây Nam, thành viên trong gia đình thường xuyên gặp tai nạn hoặc ảnh hưởng xấu đến người phụ nữa trong gia đình.\r\n\r\n\r\n\r\nCách hóa giải nhà ngã ba của lỗi phong thủy nhà ở nhà do ảnh hưởng của đường đâm thẳng vào nhà được các chuyên gia gợi ý như sau\r\n\r\nKhi mua nhà, người mua nên tránh chọn mua nhà ở ngã ba. Trong trường hợp xây nhà, không nên đặt của chính hướng trực diện với con đường.\r\nĐối với trường hợp bất khả kháng, gia chủ nên treo gương bát quái lồi trước cửa nhà để giảm bớt luồng khí độc xông thẳng vào nhà.\r\n3. Nhà ở có bếp đặt ở hướng Tây Bắc\r\nTheo người xưa quan niệm, người đàn ông là trụ cột trong gia đình. Vị trí đại diện trụ cột nằm ở góc Tây Bắc. Tuy nhiên, nếu đặt bếp ở hướng Tây Bắc, góc này sẽ bị ảnh hưởng bởi ngọn lửa sẽ gây ra bất lợi cho người đàn ông như bị tai nạn, bệnh tật, mất việc hoặc phá sản.\r\n\r\n\r\n\r\nĐây là lỗi bố trí không gian căn nhà trong phong thủy nhà ở, các chuyên gia khuyên rằng:\r\n\r\nGia chủ nên kiểm tra thiết kế ngôi nhà, chủ nhà chọn mua hoặc xây nhà nên kiểm tra kĩ bản thiết kế nhà ở, các hướng đặt không gian trong nhà tránh những lỗi phong thủy về không gian.\r\nNhững gia đình đã đặt bếp ở hướng này, nên tránh dùng bếp gas vì đó là ngọn lửa thật, có thể sử dụng bếp điện để hạn chế ảnh hưởng của ngọn lửa.\r\n4. Phong thủy xấu do dốc phía sau nhà ở\r\nPhong thủy nhà ở đề cao nhà có vị trí dựa núi, biểu tưởng chống lưng cho gia chủ, tạo sự hỗ trợ vững vàng tiến về phía trước. Người xưa có câu “có người chống lưng” chính là như vậy. Tuy nhiên, nếu sau nhà là con dốc thì chủ nhà đang dần tuột khỏi sự giúp đỡ của quý nhân, những nguồn năng lượng dồi dào cũng nhanh chống trượt ra đằng sau khiến tài chính khó tích lũy, công việc, các mối quan hệ cũng sẽ giảm sút.\r\n\r\n\r\n\r\nTheo chuyên gia phong thủy gợi ý, gia chủ có thể tham khảo hóa giải lỗi phong thủy này bằng các cách sau:\r\n\r\nChủ nhà nên tạo dựng vật cản để ngăn những luồn năng lượng chạy ra khỏi nhà. Tốt nhất là nên dựng hàng rào, để có thể giữ lại được những luồng khí tốt\r\nTrồng hàng cây hoặc lắp thêm đèn ở mặt sau ngôi nhà sẽ tạo sự sáng sủa, sức sống thiên nhiên, trong lành thu hút thêm các nguồn năng lượng.\r\n5. Nhà ở trên đất thóp hậu\r\nTheo quan niệm phong thủy nhà ở, nhà xây dựng trên đất nở hậu giúp trữ nhiều tiền bạc thì đất thóp hậu như chiếc phễu lớn làm tuôn hết năng lượng tốt, về lâu về dai thường không tốt, không bền vững. Chủ nhà cũng sẽ khó khăn trong việc xây dựng, bài trí nội thất.\r\n\r\nCách hóa giả lỗi phong thủy nhà ở này cũng giống trường hợp có dốc phía sau nhà, gia chủ có thể xây thường hoặc hàng rào để giữ lại các luồng khí tốt.\r\n\r\n6. Phong thủy nhà ở: tránh đặt gường đối diện phòng tắm\r\nPhong thủy nhà ở đề cao việc đặt không gian phòng ngủ, nhất là vị trí gường nằm, tránh đặt đối diện phòng tấm, gia chủ sẽ hấp thụ nguồn năng lượng tiêu cực gây ra các bệnh về cơ bắp, xương khớp, tiền bạc bị thất thoát.\r\n\r\nLỗi phong thủy nhà ở do bố trí không gian trong nhà, được chuyên gia hướng dẫn hóa giải như sau:\r\n\r\nPhòng ngủ nên có độc lập, có trường bao quanh hoàn toàn, đóng cửa cách li với phòng tắm. Đồng thời giải di chuyển vị trí của giường nằm.\r\nChủ nhà khi mua hoặc xây nhà có thể tham khảo bản vẽ chi tiết để đưa ra những yêu cầu sữa đổi.\r\nPhong thủy nhà ở nếu được chú trọng sẽ mang lại sự thịnh vượng, sức khỏe, đặc biệt tạo nhiều thuận lợi hỗ trợ cho gia chủ trong sự nghiệp, cuộc sống gia đình. Cần chú trọng những yếu tố cơ bản, đưa ra những quyết định thay đổi bố trí nhà cửa theo phong thủy để tạo nên cuộc sống an lành cho gia chủ.');
INSERT INTO `xaydung_kientruc` VALUES (3, 'images/a.jpg', 'Cách giảm bớt vận hạn cho các con giáp trong năm Bính Thân (P3)', 'Bản chất mỗi vật trong vũ trụ đều mang đặc tính tương sinh tương khắc. Theo quan điểm truyền thống, những vật có lợi riêng cho một tuổi nào đó sẽ ược coi là “Linh vật” mang lại may mắn của tuối đó. Nếu đặt linh vật ở phương vị thích hợp sẽ giúp phát huy được tác dụng sinh vượng hoá sát đặc hữu của nó, rất có lợi trong việc cải thiện vận trình cả năm.\r\nTuổi Ngọ\r\nTuổi Ngọ năm nay sẽ có vận thế cả không được tốt lắm, tiền đồ có thể sẽ gặp rất nhiều trắc trở, đặc biệt là có nhiều nguy cơ gặp phải kẻ tiểu nhân gây chuyện thị phi, thậm chí gây ra tai hoạ bất ngờ. Do đó, tuổi Ngọ cần phải cố gắng tranh thủ sự ủng hộ của đồng nghiệp. Để hướng cát tránh hung, tuổi Ngọ có thể đặt một đôi Mã cẩu đồng tâm màu xanh lá cây ở hướng Đông, đây sẽ là linh vật sinh vượng cho tuổi Ngọ trong năm nay.\r\n\r\nChuyên gia phong thủy Tống Thiều Quang cho biết, Tuấn mã và Linh khuyển đều là những loại gia súc hết mực trung thành và là người bạn tốt, rất hữu ích của con người. Khi hai con vật này sóng đôi cùng nhau, chúng sẽ hợp thành biểu tượng mang ý nghĩa Mã Cẩu Đồng Tâm, đem lại may mắn cho tuổi Ngọ.\r\n\r\nNăm nay người tuổi Ngọ có 3 phương vị sinh vượng gồm hướng Đông, hướng Đông Nam và Tây Bắc. Nếu được, nên đặt giường ngủ, bàn làm việc và sofa ở 3 phương vị này trong nhà, hoặc ít nhất cũng nên tránh đặt tại các hướng Bắc và hướng Nam, để hợp với đạo tránh hung.\r\n\r\nMàu sắc sinh vượng của tuổi Ngọ năm nay gồm màu xanh lá cây, xanh lam và màu trắng. Nếu tuổi Ngọ biết lợi dụng những màu sắc này để bố trì phòng ốc, hoặc phối hợp quần áo phù hợp sẽ giúp ích lớn cho việc cải thiện vận trình cả năm. Ngoài ra, năm nay tuổi Ngọ cũng kỵ màu vàng và cam, nên hạn chế sử dụng.\r\n\r\nCon số sinh vượng của tuổi Ngọ trong năm 2016 là số 1 và số 9.\r\n\r\nphong thủy cho các con giáp\r\nBày linh vật phong thủy đúng phương vị sẽ giúp các con giáp giảm bớt vận hạn trong năm\r\nTuổi Mùi\r\nDù tài vận của người tuổi Mùi năm nay có khởi sắc hơn nhưng cũng vẫn bấp bênh, không ổn định, khi tốt lúc xấu, càng về cuối năm tài vận lại càng xuống thấp, do đó tuổi này cần phải cẩn thận, tránh để kẻ khác dòm ngó, tránh những rắc rối phát sinh trong công việc hoặc để tiểu nhân giở trò. Trong thời gian này, điều quan trọng nhất với tuổi Mùi vẫn là dũng cảm đối mặt với khó khăn, thử thách, tuyệt đối không được phép chùn bước, vì một khi lùi bước có thể bạn sẽ phải nhận hậu họa khôn lường, càng khó chống đỡ. Năm nay tài chính của tuổi Mùi dễ tụt dốc không phanh, vì thế không nên đầu tư làm ăn, lại càng phải tránh xa cờ bạc. Ngoài ra, tuổi này cũng cần thận trọng, tránh rơi vào vòng xoáy kim tiền. Dù sức khỏe trong năm khá tốt, nhưng rất dễ rước họa sát thân. Khi ra ngoài, cần cẩn trọng, tránh mạo hiểm.\r\n\r\nCho dù vận trình cả năm có được đại cát đại lợi hay không thì các con giáp cũng đều phải biết hướng cát tránh hung, để cho tuổi cát thì càng gặp cát, tuổi hung thì được tiêu trừ bớt tai họa.\r\n\r\nNăm nay tài vận của người tuổi Mùi chỉ ở mức bình thường, công việc lại gặp nhiều trắc trở, cần phải làm việc cẩn trọng. Ngoài ra, do có Bệnh Phù chiếu mệnh, nên tuổi Mùi có thể gặp nhiều vấn đề về sức khỏe, phải đề phòng bệnh tật xâm nhập.\r\n\r\nDo tài vận năm nay không tốt nên tuổi Mùi hãy đặt ở hướng Đông hoặc đầu giường một đôi Phúc Thọ Khang Ninh làm bằng đá đỏ cam để cầu an. Tương truyền, vào những đêm trăng sáng thường xuất hiện hình ảnh Thỏ ngọc giã thuốc trên cung trăng, đây đều là những loại tiên dược trường sinh bất lão. Theo người xưa, Phúc Thọ Khang Ninh là biểu tượng của sức khỏe bởi nó được làm từ tiên dược mà Thỏ ngọc đã giã. Từ đó, hình ảnh thỏ ngọc ngồi trong hồ lô đảo thuốc trở thành biểu tượng của sức khỏe, bách niên giai lão.\r\n\r\nTuổi Mùi nên đặt giường ngủ, bàn làm việc và sofa vào 3 hướng sinh vượng gồm Đông, Tây Nam và Đông Nam để cải thiện vận thế. Nếu không thể làm được như vậy thì ít nhất cũng nên kê 3 vật dụng quan trọng nhất tránh các hướng Bắc và Đông Bắc.\r\n\r\nCác màu sắc sinh vượng cho tuổi Mùi năm nay gồm có màu cam, màu vàng và màu đỏ. Nên tận dụng, bố trí sắp xếp những màu này trong phòng hoặc trong phối trang phục hàng ngày phù hợp để cải thiện vận trình cả năm. Đồng thời nên hạn chế sử dụng màu xám và màu xanh.\r\n\r\nCon số sinh vượng của tuổi Mùi năm nay là số 2 và số 8.\r\n\r\nTuổi Thân\r\nNăm nay là năm tuổi của người tuổi Thân, hơn nữa trong cung mệnh tuổi này lại có nhiều hung tinh nên vận thế rất dễ đi xuống, có nhiều trắc trở! Tuổi Thân năm nay dễ bị tiểu nhân gây thị phi, hơn nữa còn dễ mắc họa sát thân. Nếu muốn hướng cát tránh hung, tuổi này nên đặt một đôi Linh vật bảo hộ Tam hợp Bảo tuế bằng đá màu nâu ở hướng Tây trong nhà hoặc đầu giường. Cũng có thể mang theo bên mình Tam hợp Bảo tuế bằng đá màu vàng sẽ phát huy hiệu quả tốt hơn.\r\n\r\nTam Hợp Bảo Tuế là bộ ba linh vật gồm hầu, thử, long, phù hợp với ý tam hợp của các tuổi Thân, Tý, Thìn, hợp mà không xung, giúp hóa giải tà ma. Linh Thử nằm yên tĩnh trên thân Bàn Long, và nằm gọn trong vòng tay của Linh Hầu, là biểu tượng của sự hòa hợp yên vui, một không khí cát hòa.\r\n\r\nNgười tuổi Thân năm nay có 3 hướng vượng cát gồm Tây, Đông Nam và Tây Bắc, nếu có thể, người Tuổi Thân nên đặt giường ngủ, bàn làm việc và sofa ở 3 hướng trên trong phòng để cải thiện vận trình của cả năm. Nếu không thể thay đổi được vị trí, chí ít cũng nên đặt 3 đồ quan trọng này tránh các hướng Đông Bắc và hướng Nam.\r\n\r\nNhững màu sắc mang lại may mắn cho người tuổi Thân năm nay gồm màu đỏ, vàng và tím; nếu biết tận dụng những màu sắc này để trang trí phòng ở, hoặc phối trang phục sẽ rất có lợi trong việc cải thiện vận trình cả năm! Bên cạnh đó, tuổi Thân cũng nên hạn chế dùng các màu xanh lục và màu xanh lam. Con số sinh vượng cho tuổi Thân năm nay là là số 6 và 7.\r\n\r\nLưu ý:\r\n\r\nLinh vật phong thủy thường được khắc bằng đá tự nhiên nên sẽ có vân tự nhiên trên thân chứ không phải vết rạn! Nhưng nếu sau khi bày một thời gian mà đột nhiên linh vật bị vỡ chứng tỏ nó đã gánh họa cho chủ nhà, công hiệu vốn có của nó không còn nữa, nên nhanh chóng thay cái khác.\r\n\r\nNgoài ra, những phương vị hướng cát tránh hung trên đây đều được đúc kết từ người xưa cho từng con giáp cụ thể, không liên quan gì đến các con giáp khác, cần tránh nhầm lẫn.\r\n\r\n(Theo Vnmedia)');
INSERT INTO `xaydung_kientruc` VALUES (4, 'images/a.jpg', 'Cách giảm bớt vận hạn cho các con giáp trong năm Bính Thân (P2)', 'ổi Mão:\r\nNăm nay người tuổi Mão có sao may mắn chiếu mệnh, vận thế thịnh vượng, nhưng tuổi này phải nhẫn nại thì mới có thể giải trừ hết trở ngại vây quanh, thu về cả danh lẫn lợi! Nhờ có sao tài lộc cao chiếu nên tiền tài thu vào no đủ, nhưng tuổi Mão cũng chớ tham. Nếu muốn xu cát tịnh hung, tuổi này nên bày một đôi Phượng Hoàng Đắc Bảo màu vàng trong nhà hoặc trên bàn làm việc, đầu giường ngủ sẽ thêm thịnh vượng. Linh vật này nên đặt ở hướng Đông sẽ có lợi hơn. Nếu tuổi Mão mang bên mình một miếng đá màu vàng có khắc chữ Phượng Hoàng Đắc Bảo làm bùa hộ mệnh thì công hiệu lại càng nhanh và rõ rệt hơn.\r\n\r\ntượng phượng hoàng\r\nTượng phượng hoàng được cho là bảo bối mang lại may mắn\r\nPhượng Hoàng là một trong tứ linh cùng với Long, Quy, Kỳ Lân, tức là loài vật có linh khí, chim thú quý hiếm, là biểu tượng của may mắn! Nguyên bảo là bảo vật cổ đại tượng trưng cho phú quý. Người xưa có câu Hoàng Hoàng Vô Bảo Bất Lạc (Phượng hoàng xuất hiện, tài lộc đến nhà), do đó tượng Phượng Hoàng nằm trên nguyên bảo được cho là đem đến phú quý cát tường!\r\n\r\nTrong năm nay, tuổi Mão sẽ nhận được thịnh vượng và may mắn ở các hướng Đông, Tây Bắc và Tây Nam. Do đó, tuổi này nên bài trí giường, bàn làm việc hay bàn ghế theo các hướng tốt này để đón may mắn và giúp cải thiện vận trình trong năm.\r\n\r\nNếu không thể bài trí được như trên thì những đồ đạc quan trọng trong nhà cũng nên tránh các hướng xấu là Tây và Nam.\r\n\r\nNăm nay, những màu sắc sinh vượng với tuổi Mão gồm có màu vàng, màu tím và đỏ; nếu biết vận dụng đúng màu sắc này vào việc trang trí phòng ốc hoặc ăn mặc thì sẽ rất có ích cho việc cải thiện vận trình cả năm. Tuổi Mão năm nay kỵ các màu xám và màu đen, nếu được nên hạn chế sử dụng. Con số cát với tuổi này là số 4 và số 9.\r\n\r\nTuổi Thìn:\r\nNăm nay tuổi Thìn bị nhiều hung tinh chiếu mệnh nhưng lại không có cát tinh hóa giải, do đó vận thế lúc thăng lúc trầm, phải cẩn trọng, không được khinh suất! Hơn nữa tuổi này lại luôn cô lập một mình, nên rất cần có sự giúp đỡ bên ngoài mới có thể hóa giải điềm hung! Để hướng cát tránh hung, tuổi Thìn nên bày đôi Linh vật Long Phượng Trình Tường bằng đá màu nâu đỏ ở hướng Tây sẽ nhận được may mắn cho vận trình của năm. Tốt hơn nữa nên đeo vòng đá Long Phượng Trình Tường màu vàng bên người làm bùa hộ mệnh.\r\n\r\nLong và Phượng đều thuộc tứ linh là những con vật mang lại may mắn. Người xưa coi Long và Phượng là tượng trưng cho vua và hoàng hậu, có vị trí rất tôn quý! Chữ “Tường” được tổ thành từ chữ “ Dương” (con dê), do đó “Dương” cũng trở thành biểu tượng của sự may mắn. Rồng và Phượng kết hợp cùng với Dương (con dê) là 3 con vật may mắn được nhắc đến trong Long Phượng Trình Tường.\r\n\r\nTuổi Thìn năm nay có 3 phương vị có thể sinh vượng gồm hướng Tây, Đông Nam và Tây Nam; các đồ đạc trong phòng như giường ngủ, bàn làm việc, ghế ngồi nếu được kê ở những phương vị này sẽ rất hợp phong thủy đồng thời giúp cải thiện vận trình của năm nay. Nếu được, hãy cố gắng kê các đồ vật quan trọng kể trên tránh các hướng Tây Bắc và Bắc.\r\n\r\nMàu sắc hợp với người tuổi Thìn năm nay gồm đỏ, cam và trắng; nên dùng những màu này trong việc trang trí nhà cửa và phối hợp quần áo để cải thiện vận trình cả năm và tránh dùng các màu xanh lá cây, xám.\r\n\r\nCon số may mắn của người tuổi Thìn năm nay gồm số 5 và số 7.\r\n\r\nTuổi Tỵ:\r\nNgười tuổi Tỵ sẽ đón một năm vận thế hưng vượng, đại cát đại lợi! Công việc có những tiến triển tốt, công thành danh toại, nhờ có tài tinh cao chiếu nên tiền vào như nước, nhưng đáng tiếc sức khỏe tuổi này lại thất thường nên phải đặc biệt chú ý bảo vệ thân thể. Nếu muốn hướng cát tránh hung, tuổi Tỵ có thể đặt ở đầu giường một đôi Ngư Quy Tranh Huy có màu nâu xám làm linh vật may mắn.\r\n\r\nTrong Hán tự, cá chép gần âm với từ “dư lợi”, hơn nữa đây là loài vật có sức sống dồi dào nên được mọi người vô cùng yêu thích! Còn Rùa là một trong tứ linh, biết cách hướng cát tránh hung, ngoài ra còn là con vật khỏe mạnh và trường thọ nên cũng rất được ưa chuộng. Hình ảnh cá chép và linh quy cùng nhảy lên trên ngọn sóng xanh biếc để tranh đoạt Minh Châu trên đá nham thạch chính là biểu tượng linh vật cát tường Ngư Quy Tranh Huy.\r\n\r\nBa hướng cát sinh vượng với người tuổi Tỵ năm nay gồm hướng Tây, Đông và Tây Nam; do đó nên đặt giường ngủ, bàn làm việc và sofa ở 3 hướng này sẽ có lợi cho việc cải thiện vận trình cả năm hoặc ít nhất cũng tránh đặt 3 vật quan trọng trong nhà ở hướng Tây Bắc và Nam.\r\n\r\nMàu sắc sinh vượng của tuổi Tỵ trong năm nay là màu xám, xanh lam và đen; nên tận dụng hợp lý những màu sắc này để trang trí nhà cửa hoặc phối trang phục để cải thiện vận trình cả năm và tránh các màu đỏ và tím.\r\n\r\nCon số sinh vượng với người tuổi Tỵ năm nay là số 6 và 8.\r\n\r\n(Theo Vnmedia)');
INSERT INTO `xaydung_kientruc` VALUES (5, 'images/a.jpg', 'Cách giảm bớt vận hạn cho các con giáp trong năm Bính Thân (P1)', 'Dưới đây là một số gợi ý của chuyên gia phong thủy Tống Thiều Quang giúp các con giáp giảm bớt vận hạn trong năm mới Bính Thân 2016.\r\n1. Tuổi Tý:\r\nNăm nay người tuổi Tý có vận thế khá khởi sắc, đây chính là cơ hội tốt để phát triển cơ đồ, có thể một bước lên mây. Tuy nhiên điều đáng tiếc là sức khỏe tuổi Tý chỉ bình bình, dễ mắc bệnh truyền nhiễm, do đó phải chú ý ăn uống hợp vệ sinh. Nên đặt ở hướng Tây một đôi kỳ lân ngậm cỏ linh chi màu nâu để sinh vượng, lấy cát tránh hung. Đặc biệt, nếu người tuổi Tý mang thêm bên mình một miếng đá màu vàng hình đôi Kỳ Lân Ngậm Linh Chi làm bùa hộ thân thì công hiệu lại càng nhanh và linh nghiệm.\r\n\r\ntượng kỳ lân\r\nTượng Kỳ lân ngậm linh chi giúp hóa giải vận hạn cho tuổi Tý năm Bính Thân\r\nTrong năm nay, người tuổi Tý có 3 hướng cát sinh vượng gồm hướng Tây, hướng Đông Nam và Tây Nam. Nếu kê được đầu giường, bàn làm việc hoặc sô pha vào ba hướng này thì càng tốt, vì sẽ hợp với đạo hướng cát theo phong thủy năm 2016 của tuổi Tý, mang lại nhiều lợi ích cho việc cải thiện vận trình cả năm. Trường hợp không thay đổi được vị trí cũng nên kê ba thứ quan trọng nêu trên cũng không nên kê vào các hướng Nam và Bắc nhằm tránh hung.\r\n\r\nBa màu sắc gồm đỏ, vàng và tím sẽ giúp sinh vượng cho người tuổi Tý. Những ai tuổi Tý biết dùng những màu sắc này vào việc ăn mặc hoặc bố trí phòng ốc sẽ rất có ích cho việc cải thiện vận trình cả năm. Tuổi Tý năm nay sẽ kỵ các màu như xanh lục và đen, tốt nhất nên tránh sử dụng hai màu này. Con số sinh vượng của con giáp này trong năm 2016 là số 1 và số 6.\r\n\r\n2. Tuổi Sửu:\r\nNhững ai tuổi Sửu năm nay nên bày đôi Linh vật bằng ngọc màu xanh ngọc với ý nghĩa “Lục Lục Vô Cùng” ở phía Đông Nam, hoặc cạnh bàn làm việc. Dân gian thường có câu“ Tam tam bất tận, lục lục vô cùng”, trong đó “lục” là âm đọc chỉ số 6, đồng âm với cách đọc từ “con nai” trong tiếng Hán, do đó khi bày đôi nai sẽ có ý nghĩa về sự may mắn. Ngoài ra, âm Hán Việt của con nai cũng trùng âm đọc với chữ “ lộc” nên đôi nai còn có thêm ý nghĩa là “công danh lợi lộc”. Năm nay tuổi Sửu sẽ có vận trình đại cát đại lợi, công việc tốt đẹp, nhận được sự hỗ trợ và có nhiều đột phá! Tuy nhiên tuổi này cũng cần đề phòng tiểu nhân cản đường. Để hướng cát tránh hung, tuổi Sửu nên đặt cặp “lục lục vô cùng” màu xanh ngọc ở phía Đông Nam.\r\n\r\nPhương vị Cát năm nay của tuổi Sửu là ở hướng Đông Nam, hãy lắp giường, đặt bàn làm việc hoặc bàn ghế ở phương vị này để phù hợp phong thủy của năm, đồng thời giúp cải thiện vận trình năm nay. Các hướng nên tránh gồm Tây Nam và Đông Bắc, các đồ đạc quan trọng nên tránh đặt ở hướng này để tránh hung.\r\n\r\nMàu sắc hợp với người tuổi Sửu năm là màu xanh lá cây, xám, và xanh da trời, nên dùng những màu này để trang trí phòng ốc, phối quần áo để cải thiện vận trình cả năm của mình, đồng thời tránh dùng màu đỏ và cam. Con số may mắn năm nay của con giáp này là số 2 và số 8.\r\n\r\n3. Tuổi Dần:\r\nĐể hóa sát, những ai tuổi Dần nên đặt một đôi “Dần Hợi Cát Tường” bằng đá màu vàng kim trong nhà hoặc trên bàn làm việc. Cặp đôi hổ uy nghiêm oai phong leo lên bức tường thành và lợn với vẻ mặt vui vẻ nằm trên cao mang ý nghĩa vạn sự như ý. Theo thuật học, Dần và Hợi là hai con giáp trong lục hợp, hai con vật này rất hợp nhau, không hề tương khắc. Ngoài ra, chữ “tường” trong từ bức tường thành cũng đồng âm với chữ “tường” trong từ cát tường, do đó tượng hai con vật này được cho là sẽ đem lại nhiều may mắn. Năm nay, tuổi Dần bị phạm thái tuế, vận hạn gập ghềnh nên phải từng bước hóa giải. Công việc không tiến triển nhiều, có thể con bị đình trệ, thậm chí gặp nhiều tiểu nhân và chuyện thị phi, nên tuổi Dần nếu lơ là một chút là có thể bị rơi vào tình trạng làm không công. Để hướng cát tránh hung, tuổi Dần nên đặt một đôi hổ và lợn màu vàng kim làm linh vật bảo vệ.\r\n\r\nBa hướng tốt với tuổi Dần năm nay gồm hướng Đông, hướng Tây Bắc và hướng Tây. Nếu đặt được giường ngủ, bàn làm việc và ghế sofa theo đúng hướng này sẽ rất tốt cho tuổi Dần cũng như có lợi cho việc cải thiện vận mệnh trong năm nay.\r\n\r\nNếu không thể làm được như trên, tuổi Dần cũng nên đặt giường ngủ, bàn làm việc và ghế sofa tránh các hướng xấu là Tây Nam và Nam. Màu sắc may mắn của người tuổi Dần năm nay gồm vàng, đỏ và tím. Nên sử dụng những màu này để trang trí phòng ở hoặc phối đồ quần áo để nhận được ảnh hưởng tốt đến cuộc sống năm nay. Các màu kỵ với tuổi Dần năm nay gồm màu xanh da trời, xanh lục, còn con số may mắn của con giáp này là số 3 và số 5.\r\n\r\nChuyên gia Phong thủy Tống Thiều Quang\r\n(Theo Vnmedia)');

SET FOREIGN_KEY_CHECKS = 1;
